"Kod TERYT";"Powiat";"Województwo";"Komisja otrzymała kart do głosowania";"Liczba wyborców uprawnionych do głosowania";"Nie wykorzystano kart do głosowania";"Liczba wyborców, którym wydano karty do głosowania";"Liczba wyborców głosujących przez pełnomocnika";"Liczba wyborców głosujących na podstawie zaświadczenia o prawie do głosowania";"Liczba wyborców, którym wysłano pakiety wyborcze";"Liczba otrzymanych kopert zwrotnych";"Liczba kopert zwrotnych, w których nie było oświadczenia o osobistym i tajnym oddaniu głosu";"Liczba kopert zwrotnych, w których oświadczenie nie było podpisane";"Liczba kopert zwrotnych, w których nie było koperty na kartę do głosowania";"Liczba kopert zwrotnych, w których znajdowała się niezaklejona koperta na kartę do głosowania";"Liczba kopert na kartę do głosowania wrzuconych do urny";"Liczba kart wyjętych z urny";"W tym liczba kart wyjętych z kopert na kartę do głosowania";"Liczba kart nieważnych";"Liczba kart ważnych";"Liczba głosów nieważnych";"W tym z powodu postawienia znaku „X” obok nazwiska dwóch lub większej liczby kandydatów z różnych list";"W tym z powodu niepostawienia znaku „X” obok nazwiska żadnego kandydata";"W tym z powodu postawienia znaku „X” wyłącznie obok nazwiska kandydata na liście, której rejestracja została unieważniona";"Liczba głosów ważnych oddanych łącznie na wszystkie listy kandydatów";"KOALICYJNY KOMITET WYBORCZY KOALICJA OBYWATELSKA PO .N IPL ZIELONI - ZPOW-601-6/19";"KOMITET WYBORCZY AKCJA ZAWIEDZIONYCH EMERYTÓW RENCISTÓW - ZPOW-601-21/19";"KOMITET WYBORCZY KONFEDERACJA WOLNOŚĆ I NIEPODLEGŁOŚĆ - ZPOW-601-5/19";"KOMITET WYBORCZY POLSKIE STRONNICTWO LUDOWE - ZPOW-601-19/19";"KOMITET WYBORCZY PRAWICA - ZPOW-601-20/19";"KOMITET WYBORCZY PRAWO I SPRAWIEDLIWOŚĆ - ZPOW-601-9/19";"KOMITET WYBORCZY SKUTECZNI PIOTRA LIROYA-MARCA - ZPOW-601-17/19";"KOMITET WYBORCZY SOJUSZ LEWICY DEMOKRATYCZNEJ - ZPOW-601-1/19";"KOMITET WYBORCZY WYBORCÓW KOALICJA BEZPARTYJNI I SAMORZĄDOWCY - ZPOW-601-10/19";"KOMITET WYBORCZY WYBORCÓW MNIEJSZOŚĆ NIEMIECKA - ZPOW-601-15/19"
"020100";"bolesławiecki";"dolnośląskie";"63780";"69098";"25168";"38611";"22";"203";"4";"4";"0";"1";"0";"0";"3";"38610";"3";"2";"38608";"590";"347";"243";"0";"38018";"7803";"";"2558";"2741";"";"16136";"";"6716";"2064";""
"020200";"dzierżoniowski";"dolnośląskie";"73520";"80196";"29086";"44428";"60";"226";"6";"5";"0";"0";"0";"0";"5";"44435";"5";"4";"44431";"604";"404";"200";"0";"43827";"11618";"";"2473";"4612";"";"19113";"";"4897";"1114";""
"020300";"głogowski";"dolnośląskie";"62932";"68354";"21725";"41207";"34";"215";"2";"2";"0";"0";"0";"0";"2";"41200";"2";"7";"41193";"452";"299";"153";"0";"40741";"10657";"";"2154";"2066";"";"18041";"";"6799";"1024";""
"020400";"górowski";"dolnośląskie";"24984";"27176";"11287";"13696";"18";"48";"1";"1";"0";"0";"0";"0";"1";"13696";"1";"1";"13695";"217";"146";"71";"0";"13478";"3044";"";"749";"1090";"";"6581";"";"1518";"496";""
"020500";"jaworski";"dolnośląskie";"36753";"39924";"14797";"21955";"39";"105";"2";"2";"0";"0";"0";"0";"2";"21951";"2";"10";"21941";"341";"253";"88";"0";"21600";"4623";"";"1164";"2208";"";"10364";"";"2865";"376";""
"020600";"jeleniogórski";"dolnośląskie";"46719";"52104";"16159";"30557";"60";"2394";"1";"1";"0";"0";"0";"0";"1";"30557";"1";"1";"30556";"404";"250";"154";"0";"30152";"10095";"";"1828";"2313";"";"9540";"";"5851";"525";""
"020700";"kamiennogórski";"dolnośląskie";"31926";"34348";"12964";"18962";"23";"175";"1";"1";"0";"0";"0";"0";"1";"18958";"1";"0";"18958";"293";"176";"117";"0";"18665";"6017";"";"988";"881";"";"7693";"";"2782";"304";""
"020800";"kłodzki";"dolnośląskie";"117712";"129757";"46314";"71396";"117";"3309";"6";"6";"0";"0";"0";"0";"6";"71398";"6";"7";"71391";"1070";"723";"347";"0";"70321";"21975";"";"3964";"5528";"";"29073";"";"8176";"1605";""
"020900";"legnicki";"dolnośląskie";"39199";"42459";"14730";"24469";"21";"83";"1";"1";"0";"0";"0";"0";"1";"24467";"1";"2";"24465";"356";"243";"113";"0";"24109";"4770";"";"1454";"2596";"";"11620";"";"2869";"800";""
"021000";"lubański";"dolnośląskie";"39562";"43635";"15799";"23763";"29";"534";"0";"0";"0";"0";"0";"0";"0";"23759";"0";"0";"23759";"331";"212";"119";"0";"23428";"5978";"";"1438";"1846";"";"9315";"";"4242";"609";""
"021100";"lubiński";"dolnośląskie";"75780";"81539";"24938";"50840";"49";"200";"2";"2";"0";"0";"0";"0";"2";"50837";"2";"0";"50837";"503";"350";"153";"0";"50334";"10339";"";"2926";"2322";"";"24646";"";"7064";"3037";""
"021200";"lwówecki";"dolnośląskie";"33574";"36318";"14777";"18797";"25";"211";"0";"0";"0";"0";"0";"0";"0";"18796";"0";"1";"18795";"362";"234";"128";"0";"18433";"3901";"";"1168";"2533";"";"7371";"";"2988";"472";""
"021300";"milicki";"dolnośląskie";"26583";"29020";"10411";"16172";"16";"78";"0";"0";"0";"0";"0";"0";"0";"16162";"0";"0";"16162";"216";"138";"78";"0";"15946";"2903";"";"888";"2420";"";"7371";"";"1770";"594";""
"021400";"oleśnicki";"dolnośląskie";"76712";"83154";"28554";"48158";"48";"239";"3";"3";"0";"0";"0";"0";"3";"48157";"3";"2";"48155";"619";"399";"220";"0";"47536";"12768";"";"3252";"4364";"";"19193";"";"5820";"2139";""
"021500";"oławski";"dolnośląskie";"54047";"59018";"16830";"37216";"30";"163";"1";"1";"0";"0";"0";"0";"1";"37217";"1";"2";"37215";"393";"233";"160";"0";"36822";"10171";"";"2600";"2518";"";"15942";"";"4239";"1352";""
"021600";"polkowicki";"dolnośląskie";"43864";"47759";"16193";"27672";"42";"137";"1";"1";"0";"0";"0";"0";"1";"27663";"1";"0";"27663";"458";"316";"142";"0";"27205";"4742";"";"1704";"1697";"";"14858";"";"3304";"900";""
"021700";"strzeliński";"dolnośląskie";"32315";"35487";"12192";"20124";"26";"105";"0";"0";"0";"0";"0";"0";"0";"20123";"0";"0";"20123";"294";"193";"101";"0";"19829";"5247";"";"1093";"1963";"";"9521";"";"1549";"456";""
"021800";"średzki";"dolnośląskie";"38497";"42476";"13782";"24717";"11";"82";"0";"0";"0";"0";"0";"0";"0";"24716";"0";"2";"24714";"300";"192";"108";"0";"24414";"6322";"";"1728";"1889";"";"10807";"";"2876";"792";""
"021900";"świdnicki";"dolnośląskie";"113532";"123262";"41169";"72362";"105";"320";"10";"10";"0";"0";"0";"0";"10";"72358";"10";"3";"72355";"893";"602";"291";"0";"71462";"22182";"";"4501";"3730";"";"29401";"";"10198";"1450";""
"022000";"trzebnicki";"dolnośląskie";"60637";"66445";"20567";"40065";"45";"235";"5";"5";"0";"0";"0";"0";"5";"40069";"5";"6";"40063";"505";"313";"192";"0";"39558";"10643";"";"2720";"2706";"";"16977";"";"4622";"1890";""
"022100";"wałbrzyski";"dolnośląskie";"40586";"44384";"16528";"24058";"47";"496";"4";"4";"0";"0";"0";"0";"4";"24058";"4";"2";"24056";"343";"225";"118";"0";"23713";"8669";"";"1220";"1542";"";"8700";"";"3041";"541";""
"022200";"wołowski";"dolnośląskie";"35141";"38256";"13925";"21216";"26";"101";"0";"0";"0";"0";"0";"0";"0";"21207";"0";"0";"21207";"319";"189";"130";"0";"20888";"5231";"";"1343";"1419";"";"9542";"";"2689";"664";""
"022300";"wrocławski";"dolnośląskie";"101615";"112460";"24635";"76973";"41";"660";"3";"3";"0";"0";"0";"0";"3";"76966";"3";"9";"76957";"668";"386";"282";"0";"76289";"24964";"";"5603";"5665";"";"26958";"";"9833";"3266";""
"022400";"ząbkowicki";"dolnośląskie";"47932";"52182";"20466";"27466";"43";"249";"2";"2";"0";"0";"0";"0";"2";"27464";"2";"1";"27463";"451";"341";"110";"0";"27012";"6697";"";"1209";"3441";"";"12625";"";"2536";"504";""
"022500";"zgorzelecki";"dolnośląskie";"65558";"71395";"26488";"39076";"44";"451";"1";"1";"0";"0";"0";"0";"1";"39074";"1";"25";"39049";"595";"414";"181";"0";"38454";"9075";"";"2268";"4003";"";"15921";"";"6104";"1083";""
"022600";"złotoryjski";"dolnośląskie";"32143";"34454";"13487";"18655";"23";"101";"1";"0";"0";"0";"0";"0";"0";"18654";"0";"1";"18653";"327";"225";"102";"0";"18326";"4185";"";"833";"1511";"";"8229";"";"3284";"284";""
"026100";"Jelenia Góra";"dolnośląskie";"57508";"61948";"18539";"38968";"44";"549";"15";"14";"6";"0";"0";"0";"8";"38969";"8";"4";"38965";"332";"165";"167";"0";"38633";"13449";"";"2019";"2083";"";"12020";"";"8474";"588";""
"026200";"Legnica";"dolnośląskie";"68609";"74607";"23902";"44707";"35";"239";"6";"6";"0";"0";"0";"0";"6";"44699";"6";"31";"44668";"330";"171";"159";"0";"44338";"12557";"";"2817";"2206";"";"17610";"";"7719";"1429";""
"026400";"Wrocław";"dolnośląskie";"445094";"508265";"83240";"361845";"369";"7210";"69";"67";"2";"0";"0";"0";"65";"361804";"65";"68";"361736";"2041";"1041";"1000";"0";"359695";"133336";"";"28799";"18235";"";"104023";"";"65927";"9375";""
"026500";"Wałbrzych";"dolnośląskie";"77641";"84261";"30341";"47299";"45";"254";"16";"15";"2";"1";"0";"0";"12";"47302";"12";"20";"47282";"615";"393";"222";"0";"46667";"19671";"";"1979";"1675";"";"15816";"";"6109";"1417";""
"040100";"aleksandrowski";"kujawsko-pomorskie";"41125";"46311";"14736";"26379";"34";"2287";"3";"3";"0";"0";"0";"0";"3";"26380";"3";"0";"26380";"379";"238";"141";"0";"26001";"5433";"";"1618";"2659";"";"11807";"";"3987";"497";""
"040200";"brodnicki";"kujawsko-pomorskie";"54994";"60537";"22158";"32837";"29";"182";"3";"3";"0";"0";"0";"0";"3";"32837";"3";"0";"32837";"450";"308";"142";"0";"32387";"4507";"";"1526";"9435";"";"13888";"";"2788";"243";""
"040300";"bydgoski";"kujawsko-pomorskie";"80563";"88902";"25461";"55102";"48";"306";"1";"1";"1";"0";"0";"0";"0";"55093";"0";"2";"55091";"733";"534";"199";"0";"54358";"18122";"";"4468";"4676";"";"17866";"";"8541";"685";""
"040400";"chełmiński";"kujawsko-pomorskie";"35924";"39058";"15394";"20525";"29";"80";"1";"1";"0";"0";"0";"0";"1";"20526";"1";"4";"20522";"356";"234";"122";"0";"20166";"5831";"";"1352";"2274";"";"8038";"";"2426";"245";""
"040500";"golubsko-dobrzyński";"kujawsko-pomorskie";"32232";"35446";"13743";"18489";"22";"93";"3";"3";"0";"0";"0";"0";"3";"18491";"3";"3";"18488";"274";"191";"83";"0";"18214";"3492";"";"1129";"2391";"";"9103";"";"1903";"196";""
"040600";"grudziądzki";"kujawsko-pomorskie";"28059";"30837";"12795";"15264";"11";"42";"0";"0";"0";"0";"0";"0";"0";"15262";"0";"3";"15259";"240";"167";"73";"0";"15019";"3009";"";"929";"1939";"";"7173";"";"1769";"200";""
"040700";"inowrocławski";"kujawsko-pomorskie";"116233";"126695";"43415";"72817";"82";"1080";"2";"2";"1";"0";"0";"0";"1";"72810";"1";"0";"72810";"1297";"886";"411";"0";"71513";"21452";"";"4165";"8189";"";"26929";"";"9650";"1128";""
"040800";"lipnowski";"kujawsko-pomorskie";"46833";"51622";"21499";"25334";"53";"99";"0";"0";"0";"0";"0";"0";"0";"25334";"0";"0";"25334";"608";"450";"158";"0";"24726";"3100";"";"1215";"5759";"";"11775";"";"2658";"219";""
"040900";"mogileński";"kujawsko-pomorskie";"33332";"36447";"13521";"19811";"18";"82";"3";"3";"0";"0";"0";"0";"3";"19812";"3";"0";"19812";"406";"315";"91";"0";"19406";"3991";"";"1092";"3984";"";"7929";"";"2204";"206";""
"041000";"nakielski";"kujawsko-pomorskie";"60843";"66342";"24455";"36388";"46";"149";"2";"2";"0";"0";"0";"0";"2";"36382";"2";"0";"36382";"658";"428";"230";"0";"35724";"8997";"";"2612";"4017";"";"14339";"";"5125";"634";""
"041100";"radziejowski";"kujawsko-pomorskie";"30133";"33084";"13192";"16941";"51";"97";"3";"3";"0";"0";"0";"0";"3";"16943";"3";"0";"16943";"348";"250";"98";"0";"16595";"2503";"";"752";"2038";"";"9242";"";"1865";"195";""
"041200";"rypiński";"kujawsko-pomorskie";"31352";"34326";"14043";"17309";"24";"94";"1";"1";"0";"0";"0";"0";"1";"17310";"1";"0";"17310";"228";"156";"72";"0";"17082";"2725";"";"977";"2740";"";"8509";"";"1956";"175";""
"041300";"sępoleński";"kujawsko-pomorskie";"28922";"31470";"12643";"16279";"25";"90";"1";"1";"0";"0";"0";"0";"1";"16278";"1";"1";"16277";"302";"218";"84";"0";"15975";"4154";"";"981";"1749";"";"6761";"";"2004";"326";""
"041400";"świecki";"kujawsko-pomorskie";"68927";"75318";"28700";"40228";"48";"199";"4";"4";"0";"0";"0";"0";"4";"40225";"4";"0";"40225";"824";"589";"235";"0";"39401";"12292";"";"2858";"3849";"";"15958";"";"4021";"423";""
"041500";"toruński";"kujawsko-pomorskie";"73239";"80658";"26601";"46638";"44";"211";"3";"3";"0";"0";"0";"0";"3";"46638";"3";"3";"46635";"634";"428";"206";"0";"46001";"14044";"";"3401";"4020";"";"18351";"";"5709";"476";""
"041600";"tucholski";"kujawsko-pomorskie";"33803";"37344";"12873";"20930";"24";"177";"2";"2";"0";"0";"0";"0";"2";"20931";"2";"0";"20931";"396";"295";"101";"0";"20535";"4954";"";"1593";"1958";"";"9975";"";"1872";"183";""
"041700";"wąbrzeski";"kujawsko-pomorskie";"24226";"26536";"10778";"13449";"18";"47";"0";"0";"0";"0";"0";"0";"0";"13448";"0";"0";"13448";"214";"160";"54";"0";"13234";"4090";"";"876";"1394";"";"5286";"";"1361";"227";""
"041800";"włocławski";"kujawsko-pomorskie";"62527";"69187";"27736";"34791";"56";"505";"1";"1";"0";"0";"0";"0";"1";"34791";"1";"0";"34791";"729";"460";"269";"0";"34062";"5562";"";"1787";"3898";"";"17414";"";"4944";"457";""
"041900";"żniński";"kujawsko-pomorskie";"49770";"54491";"19542";"30228";"32";"121";"5";"5";"0";"0";"0";"0";"5";"30226";"5";"0";"30226";"658";"470";"188";"0";"29568";"8609";"";"1692";"3500";"";"12385";"";"2975";"407";""
"046100";"Bydgoszcz";"kujawsko-pomorskie";"240010";"261549";"65370";"174644";"157";"1334";"57";"55";"4";"0";"0";"0";"51";"174650";"51";"10";"174640";"1138";"654";"484";"0";"173502";"60273";"";"12945";"9575";"";"55408";"";"33371";"1930";""
"046200";"Grudziądz";"kujawsko-pomorskie";"64276";"68777";"24728";"39547";"37";"188";"6";"6";"0";"0";"0";"0";"6";"39547";"6";"5";"39542";"440";"275";"165";"0";"39102";"12082";"";"2470";"3106";"";"13417";"";"7632";"395";""
"046300";"Toruń";"kujawsko-pomorskie";"138482";"151161";"37724";"100742";"89";"1109";"28";"28";"0";"0";"0";"0";"28";"100754";"28";"45";"100709";"621";"330";"291";"0";"100088";"38697";"";"7680";"4828";"";"31580";"";"16405";"898";""
"046400";"Włocławek";"kujawsko-pomorskie";"79138";"85539";"29000";"50138";"78";"268";"12";"12";"0";"0";"0";"0";"12";"50147";"12";"0";"50147";"494";"267";"227";"0";"49653";"14451";"";"2913";"2744";"";"17065";"";"11673";"807";""
"060100";"bialski";"lubelskie";"81502";"88744";"31291";"50210";"79";"542";"3";"3";"1";"0";"0";"0";"2";"50208";"2";"4";"50204";"821";"560";"261";"0";"49383";"8860";"";"2643";"5326";"";"30068";"";"1962";"524";""
"060200";"biłgorajski";"lubelskie";"75517";"81667";"29155";"46362";"98";"286";"1";"1";"0";"0";"0";"0";"1";"46360";"1";"0";"46360";"512";"343";"169";"0";"45848";"3583";"";"3116";"6510";"";"29800";"";"2519";"320";""
"060300";"chełmski";"lubelskie";"57432";"62907";"26903";"30527";"32";"162";"1";"1";"0";"0";"0";"0";"1";"30526";"1";"0";"30526";"597";"407";"190";"0";"29929";"4730";"";"1806";"3297";"";"18314";"";"1517";"265";""
"060400";"hrubieszowski";"lubelskie";"48833";"52628";"23086";"25747";"64";"207";"1";"1";"0";"0";"0";"0";"1";"25745";"1";"0";"25745";"369";"261";"108";"0";"25376";"1945";"";"1161";"3193";"";"15829";"";"3049";"199";""
"060500";"janowski";"lubelskie";"34187";"37088";"11854";"22331";"84";"151";"0";"0";"0";"0";"0";"0";"0";"22331";"0";"0";"22331";"265";"129";"136";"0";"22066";"1331";"";"1177";"1460";"";"17032";"";"946";"120";""
"060600";"krasnostawski";"lubelskie";"48982";"53057";"21451";"27530";"71";"192";"2";"2";"0";"0";"0";"0";"2";"27532";"2";"0";"27532";"369";"217";"152";"0";"27163";"3943";"";"1636";"2656";"";"16648";"";"1997";"283";""
"060700";"kraśnicki";"lubelskie";"70724";"76382";"27948";"42777";"96";"160";"2";"2";"0";"0";"0";"0";"2";"42778";"2";"2";"42776";"590";"361";"229";"0";"42186";"5386";"";"2095";"5434";"";"26351";"";"2562";"358";""
"060800";"lubartowski";"lubelskie";"64725";"70489";"23736";"40991";"88";"208";"0";"0";"0";"0";"0";"0";"0";"40989";"0";"1";"40988";"467";"274";"193";"0";"40521";"4432";"";"3679";"4336";"";"25045";"";"2426";"603";""
"060900";"lubelski";"lubelskie";"110692";"121567";"36806";"73886";"103";"390";"2";"2";"0";"0";"0";"0";"2";"73879";"2";"5";"73874";"709";"431";"278";"0";"73165";"10785";"";"5275";"9308";"";"42433";"";"4456";"908";""
"061000";"łęczyński";"lubelskie";"40821";"44265";"15484";"25338";"22";"108";"0";"0";"0";"0";"0";"0";"0";"25336";"0";"0";"25336";"286";"190";"96";"0";"25050";"4325";"";"1933";"2023";"";"15061";"";"1356";"352";""
"061100";"łukowski";"lubelskie";"76625";"83226";"27020";"49604";"53";"236";"1";"1";"0";"0";"0";"0";"1";"49598";"1";"1";"49597";"641";"409";"232";"0";"48956";"4351";"";"2941";"5146";"";"33301";"";"2384";"833";""
"061200";"opolski";"lubelskie";"44591";"48455";"19174";"25417";"36";"143";"1";"1";"0";"0";"0";"0";"1";"25417";"1";"1";"25416";"360";"219";"141";"0";"25056";"3076";"";"1495";"2706";"";"15665";"";"1783";"331";""
"061300";"parczewski";"lubelskie";"26157";"28340";"10744";"15413";"25";"123";"1";"1";"0";"0";"0";"0";"1";"15412";"1";"0";"15412";"224";"148";"76";"0";"15188";"1795";"";"1008";"2152";"";"9023";"";"972";"238";""
"061400";"puławski";"lubelskie";"86134";"92349";"29957";"56170";"119";"1026";"9";"9";"0";"0";"1";"0";"8";"56180";"8";"6";"56174";"584";"306";"278";"0";"55590";"11348";"";"4371";"4477";"";"29971";"";"4634";"789";""
"061500";"radzyński";"lubelskie";"43761";"47448";"16926";"26835";"60";"146";"1";"1";"0";"0";"0";"0";"1";"26835";"1";"4";"26831";"447";"298";"149";"0";"26384";"2236";"";"1465";"3681";"";"16962";"";"1426";"614";""
"061600";"rycki";"lubelskie";"41148";"44868";"14443";"26703";"61";"175";"3";"3";"0";"0";"0";"0";"3";"26706";"3";"0";"26706";"292";"199";"93";"0";"26414";"2820";"";"1356";"3671";"";"15991";"";"2258";"318";""
"061700";"świdnicki";"lubelskie";"52307";"56693";"18472";"33835";"50";"182";"1";"1";"1";"0";"0";"0";"0";"33836";"0";"3";"33833";"285";"156";"129";"0";"33548";"6137";"";"2204";"3304";"";"18855";"";"2628";"420";""
"061800";"tomaszowski";"lubelskie";"63437";"68734";"27624";"35812";"93";"282";"2";"2";"1";"0";"0";"0";"1";"35814";"1";"0";"35814";"445";"299";"146";"0";"35369";"3161";"";"1963";"5565";"";"22372";"";"1962";"346";""
"061900";"włodawski";"lubelskie";"29239";"31594";"12454";"16786";"33";"143";"0";"0";"0";"0";"0";"0";"0";"16787";"0";"2";"16785";"262";"174";"88";"0";"16523";"2380";"";"894";"2978";"";"8731";"";"1397";"143";""
"062000";"zamojski";"lubelskie";"80615";"87264";"33832";"46781";"126";"422";"3";"3";"0";"0";"0";"0";"3";"46775";"3";"1";"46774";"674";"468";"206";"0";"46100";"3732";"";"2427";"5812";"";"30871";"";"2426";"832";""
"066100";"Biała Podlaska";"lubelskie";"41682";"44418";"14280";"27402";"38";"231";"2";"2";"0";"0";"0";"0";"2";"27395";"2";"1";"27394";"176";"96";"80";"0";"27218";"8794";"";"1821";"1568";"";"13100";"";"1667";"268";""
"066200";"Chełm";"lubelskie";"46764";"49999";"18396";"28368";"32";"168";"9";"9";"0";"0";"0";"0";"9";"28376";"9";"0";"28376";"234";"136";"98";"0";"28142";"8252";"";"1774";"1744";"";"12991";"";"3112";"269";""
"066300";"Lublin";"lubelskie";"240569";"262775";"66469";"174097";"240";"2160";"50";"50";"3";"0";"0";"0";"47";"174088";"47";"15";"174073";"1028";"502";"526";"0";"173045";"55194";"";"13486";"9609";"";"73579";"";"18719";"2458";""
"066400";"Zamość";"lubelskie";"46892";"50726";"17976";"28917";"31";"347";"2";"1";"0";"0";"0";"0";"1";"28913";"1";"6";"28907";"212";"123";"89";"0";"28695";"5990";"";"1725";"3122";"";"14093";"";"3398";"367";""
"080100";"gorzowski";"lubuskie";"49729";"54478";"18751";"30978";"23";"171";"1";"1";"0";"0";"0";"0";"1";"30975";"1";"1";"30974";"485";"328";"157";"0";"30489";"9721";"";"2420";"3063";"";"10588";"";"4697";"";""
"080200";"krośnieński";"lubuskie";"39427";"42919";"16620";"22806";"20";"153";"1";"1";"0";"0";"0";"0";"1";"22804";"1";"0";"22804";"424";"317";"107";"0";"22380";"6111";"";"1170";"5011";"";"7087";"";"3001";"";""
"080300";"międzyrzecki";"lubuskie";"41830";"45660";"16398";"25432";"27";"245";"2";"2";"0";"0";"0";"0";"2";"25428";"2";"1";"25427";"468";"338";"130";"0";"24959";"6978";"";"1770";"3602";"";"8585";"";"4024";"";""
"080400";"nowosolski";"lubuskie";"60699";"66082";"23288";"37409";"47";"199";"6";"6";"1";"0";"0";"0";"5";"37397";"5";"7";"37390";"649";"380";"269";"0";"36741";"10958";"";"2748";"4138";"";"13776";"";"5121";"";""
"080500";"słubicki";"lubuskie";"32818";"35997";"13382";"19435";"13";"218";"0";"0";"0";"0";"0";"0";"0";"19433";"0";"1";"19432";"352";"263";"89";"0";"19080";"6562";"";"1365";"1842";"";"6160";"";"3151";"";""
"080600";"strzelecko-drezdenecki";"lubuskie";"35091";"38522";"15362";"19729";"20";"122";"2";"2";"0";"0";"0";"0";"2";"19729";"2";"0";"19729";"337";"256";"81";"0";"19392";"5188";"";"1130";"3012";"";"7607";"";"2455";"";""
"080700";"sulęciński";"lubuskie";"25156";"27277";"11070";"14086";"21";"117";"1";"1";"0";"0";"0";"0";"1";"14085";"1";"0";"14085";"303";"215";"88";"0";"13782";"3750";"";"1058";"1511";"";"5550";"";"1913";"";""
"080800";"świebodziński";"lubuskie";"39833";"42974";"15829";"24004";"23";"192";"4";"4";"0";"0";"0";"0";"4";"24005";"4";"1";"24004";"387";"299";"88";"0";"23617";"7198";"";"1788";"3050";"";"8307";"";"3274";"";""
"080900";"zielonogórski";"lubuskie";"53827";"58487";"20510";"33316";"34";"202";"5";"5";"0";"0";"0";"0";"5";"33319";"5";"5";"33314";"587";"395";"192";"0";"32727";"10006";"";"2505";"3779";"";"10931";"";"5506";"";""
"081000";"żagański";"lubuskie";"56394";"61228";"24149";"32243";"36";"158";"6";"6";"1";"0";"0";"0";"5";"32242";"5";"0";"32242";"503";"354";"149";"0";"31739";"8195";"";"2384";"3751";"";"12642";"";"4767";"";""
"081100";"żarski";"lubuskie";"68988";"74698";"29212";"39776";"34";"218";"6";"6";"0";"0";"0";"0";"6";"39774";"6";"2";"39772";"611";"411";"200";"0";"39161";"11282";"";"3318";"4998";"";"13831";"";"5732";"";""
"081200";"wschowski";"lubuskie";"27613";"30222";"11586";"16027";"20";"122";"1";"1";"0";"0";"0";"0";"1";"16024";"1";"0";"16024";"274";"198";"76";"0";"15750";"3320";"";"1023";"1856";"";"7587";"";"1964";"";""
"086100";"Gorzów Wielkopolski";"lubuskie";"85719";"93039";"28181";"57537";"58";"347";"5";"5";"1";"0";"0";"0";"4";"57518";"4";"2";"57516";"566";"315";"251";"0";"56950";"22314";"";"4266";"3195";"";"18551";"";"8624";"";""
"086200";"Zielona Góra";"lubuskie";"96826";"105352";"25045";"71770";"89";"539";"11";"11";"0";"0";"0";"0";"11";"71759";"11";"44";"71715";"565";"300";"265";"0";"71150";"25372";"";"4545";"8135";"";"18986";"";"14112";"";""
"100100";"bełchatowski";"łódzkie";"82322";"88570";"25741";"56579";"43";"200";"2";"2";"0";"0";"0";"0";"2";"56579";"2";"1";"56578";"639";"399";"240";"0";"55939";"6527";"";"5594";"3930";"";"33413";"";"6475";"";""
"100200";"kutnowski";"łódzkie";"72402";"78510";"28173";"44229";"66";"169";"7";"7";"0";"0";"0";"0";"7";"44221";"7";"2";"44219";"585";"367";"218";"0";"43634";"7812";"";"2294";"3467";"";"22804";"";"6534";"723";""
"100300";"łaski";"łódzkie";"36673";"40459";"11930";"24743";"26";"137";"2";"2";"0";"0";"0";"0";"2";"24740";"2";"1";"24739";"295";"199";"96";"0";"24444";"5200";"";"1617";"2305";"";"12259";"";"2620";"443";""
"100400";"łęczycki";"łódzkie";"38370";"41482";"15693";"22677";"22";"69";"0";"0";"0";"0";"0";"0";"0";"22674";"0";"2";"22672";"395";"220";"175";"0";"22277";"3171";"";"1087";"2654";"";"12837";"";"2229";"299";""
"100500";"łowicki";"łódzkie";"58163";"63591";"20150";"38013";"13";"169";"1";"1";"0";"0";"0";"0";"1";"38011";"1";"1";"38010";"581";"364";"217";"0";"37429";"4255";"";"2094";"4948";"";"21001";"";"4718";"413";""
"100600";"łódzki wschodni";"łódzkie";"51940";"56856";"13307";"38633";"26";"230";"0";"0";"0";"0";"0";"0";"0";"38623";"0";"0";"38623";"376";"220";"156";"0";"38247";"10322";"";"2960";"2932";"";"17053";"";"4980";"";""
"100700";"opoczyński";"łódzkie";"55390";"60719";"16783";"38606";"59";"184";"4";"3";"0";"0";"0";"0";"3";"38609";"3";"3";"38606";"562";"363";"199";"0";"38044";"2619";"";"1767";"7007";"";"24496";"";"2155";"";""
"100800";"pabianicki";"łódzkie";"85716";"93850";"23311";"62395";"114";"269";"4";"4";"0";"0";"0";"0";"4";"62382";"4";"7";"62375";"617";"362";"255";"0";"61758";"18826";"";"4142";"3691";"";"24166";"";"9594";"1339";""
"100900";"pajęczański";"łódzkie";"38162";"41709";"13138";"25023";"61";"122";"0";"0";"0";"0";"0";"0";"0";"25021";"0";"2";"25019";"391";"257";"134";"0";"24628";"2634";"";"1333";"3077";"";"15351";"";"2038";"195";""
"101000";"piotrkowski";"łódzkie";"66203";"72679";"22065";"44138";"48";"244";"3";"3";"0";"0";"0";"0";"3";"44136";"3";"3";"44133";"561";"376";"185";"0";"43572";"4180";"";"2836";"4380";"";"28210";"";"3966";"";""
"101100";"poddębicki";"łódzkie";"30512";"33668";"10936";"19576";"15";"209";"0";"0";"0";"0";"0";"0";"0";"19575";"0";"0";"19575";"308";"196";"112";"0";"19267";"2607";"";"956";"2996";"";"10780";"";"1736";"192";""
"101200";"radomszczański";"łódzkie";"83216";"91149";"30484";"52732";"74";"312";"3";"3";"0";"0";"0";"0";"3";"52729";"3";"1";"52728";"780";"526";"254";"0";"51948";"11637";"";"3020";"3298";"";"28895";"";"5098";"";""
"101300";"rawski";"łódzkie";"35399";"38735";"12740";"22669";"21";"105";"0";"0";"0";"0";"0";"0";"0";"22672";"0";"3";"22669";"354";"245";"109";"0";"22315";"2234";"";"1425";"3990";"";"12943";"";"1723";"";""
"101400";"sieradzki";"łódzkie";"87336";"94385";"30958";"56367";"35";"290";"1";"1";"0";"0";"0";"0";"1";"56346";"1";"0";"56346";"727";"477";"250";"0";"55619";"10143";"";"3443";"5823";"";"30287";"";"5391";"532";""
"101500";"skierniewicki";"łódzkie";"27501";"30335";"8916";"18584";"22";"107";"0";"0";"0";"0";"0";"0";"0";"18582";"0";"0";"18582";"306";"228";"78";"0";"18276";"1744";"";"1198";"2160";"";"11958";"";"1216";"";""
"101600";"tomaszowski";"łódzkie";"84091";"91479";"27530";"56527";"56";"271";"1";"1";"0";"0";"0";"0";"1";"56516";"1";"3";"56513";"725";"493";"232";"0";"55788";"10119";"";"3604";"6702";"";"29020";"";"6343";"";""
"101700";"wieluński";"łódzkie";"56246";"61107";"19552";"36694";"31";"226";"0";"0";"0";"0";"0";"0";"0";"36692";"0";"0";"36692";"461";"295";"166";"0";"36231";"5240";"";"1931";"5340";"";"19995";"";"3438";"287";""
"101800";"wieruszowski";"łódzkie";"30792";"33681";"11279";"19513";"21";"75";"0";"0";"0";"0";"0";"0";"0";"19512";"0";"2";"19510";"301";"197";"104";"0";"19209";"2760";"";"1327";"2540";"";"10392";"";"1967";"223";""
"101900";"zduńskowolski";"łódzkie";"47573";"51806";"15582";"31993";"34";"133";"1";"0";"0";"0";"0";"0";"0";"31983";"0";"10";"31973";"399";"267";"132";"0";"31574";"6116";"";"1970";"4970";"";"15025";"";"3208";"285";""
"102000";"zgierski";"łódzkie";"119334";"130922";"34284";"85051";"93";"338";"6";"5";"0";"0";"0";"0";"5";"85033";"5";"8";"85025";"856";"537";"319";"0";"84169";"25504";"";"4860";"5562";"";"34348";"";"11643";"2252";""
"102100";"brzeziński";"łódzkie";"22579";"24496";"7438";"15142";"25";"89";"0";"0";"0";"0";"0";"0";"0";"15135";"0";"0";"15135";"212";"150";"62";"0";"14923";"2522";"";"1013";"1774";"";"8002";"";"1612";"";""
"106100";"Łódź";"łódzkie";"491486";"531448";"126433";"365039";"363";"2622";"83";"81";"2";"1";"0";"0";"78";"364987";"78";"106";"364881";"2511";"1262";"1249";"0";"362370";"135986";"";"23654";"14122";"";"111676";"";"76932";"";""
"106200";"Piotrków Trybunalski";"łódzkie";"53114";"57059";"16703";"36411";"55";"181";"5";"5";"0";"0";"0";"0";"5";"36411";"5";"1";"36410";"346";"201";"145";"0";"36064";"8383";"";"2302";"2201";"";"15814";"";"7364";"";""
"106300";"Skierniewice";"łódzkie";"33842";"36858";"9219";"24622";"21";"121";"3";"3";"0";"0";"0";"0";"3";"24614";"3";"1";"24613";"233";"142";"91";"0";"24380";"6717";"";"1681";"2483";"";"9909";"";"3590";"";""
"120100";"bocheński";"małopolskie";"75501";"82547";"22799";"52703";"61";"317";"1";"1";"0";"0";"0";"0";"1";"52694";"1";"5";"52689";"610";"395";"215";"0";"52079";"6176";"";"3447";"5942";"";"33893";"";"2621";"";""
"120200";"brzeski";"małopolskie";"66956";"72776";"23807";"43149";"46";"233";"2";"2";"0";"0";"0";"0";"2";"43147";"2";"1";"43146";"558";"358";"200";"0";"42588";"4318";"";"3594";"5744";"";"27096";"";"1836";"";""
"120300";"chrzanowski";"małopolskie";"90604";"98412";"28771";"61826";"61";"232";"3";"3";"1";"0";"0";"0";"2";"61825";"2";"5";"61820";"699";"423";"276";"0";"61121";"18448";"";"4373";"3352";"";"27130";"";"7818";"";""
"120400";"dąbrowski";"małopolskie";"43546";"47041";"18304";"25242";"47";"115";"0";"0";"0";"0";"0";"0";"0";"25227";"0";"1";"25226";"360";"228";"132";"0";"24866";"1445";"";"1630";"3587";"";"17453";"";"751";"";""
"120500";"gorlicki";"małopolskie";"79462";"85992";"29928";"49534";"80";"544";"13";"13";"0";"0";"0";"0";"13";"49545";"13";"0";"49545";"694";"483";"211";"0";"48851";"7360";"";"2998";"5095";"";"30247";"";"3151";"";""
"120600";"krakowski";"małopolskie";"196368";"216829";"54451";"141916";"166";"866";"8";"8";"0";"0";"0";"0";"8";"141899";"8";"7";"141892";"1439";"786";"653";"0";"140453";"31863";"";"10969";"11793";"361";"71427";"";"12179";"1861";""
"120700";"limanowski";"małopolskie";"92271";"99212";"30725";"61545";"75";"411";"9";"9";"2";"0";"1";"0";"6";"61548";"6";"0";"61548";"753";"471";"282";"0";"60795";"4393";"";"4168";"6628";"";"43661";"";"1945";"";""
"120800";"miechowski";"małopolskie";"36399";"39819";"14122";"22277";"32";"109";"0";"0";"0";"0";"0";"0";"0";"22275";"0";"0";"22275";"250";"154";"96";"0";"22025";"2629";"";"1254";"2434";"52";"13566";"";"1740";"350";""
"120900";"myślenicki";"małopolskie";"88897";"97942";"26247";"62653";"51";"316";"13";"13";"0";"0";"0";"0";"13";"62659";"13";"5";"62654";"708";"447";"261";"0";"61946";"11045";"";"4970";"4087";"";"38611";"";"3233";"";""
"121000";"nowosądecki";"małopolskie";"154567";"166349";"48086";"106461";"121";"2993";"1";"1";"0";"0";"0";"0";"1";"106430";"1";"2";"106428";"1395";"857";"538";"0";"105033";"10716";"";"6855";"6606";"";"75460";"";"5396";"";""
"121100";"nowotarski";"małopolskie";"139418";"149396";"57974";"81443";"100";"1993";"8";"8";"0";"0";"0";"0";"8";"81447";"8";"1";"81446";"1069";"662";"407";"0";"80377";"11372";"";"6214";"4968";"";"53600";"";"4223";"";""
"121200";"olkuski";"małopolskie";"82134";"89452";"24996";"57137";"77";"218";"5";"5";"1";"0";"0";"0";"4";"57136";"4";"2";"57134";"558";"361";"197";"0";"56576";"11584";"";"3861";"6115";"108";"28914";"";"5523";"471";""
"121300";"oświęcimski";"małopolskie";"110720";"120636";"32340";"78379";"132";"317";"4";"4";"0";"0";"0";"0";"4";"78376";"4";"7";"78369";"791";"490";"301";"0";"77578";"21190";"";"4852";"5998";"";"37485";"";"8053";"";""
"121400";"proszowicki";"małopolskie";"31971";"34916";"12662";"19310";"22";"68";"0";"0";"0";"0";"0";"0";"0";"19308";"0";"0";"19308";"280";"161";"119";"0";"19028";"1531";"";"1071";"3508";"";"11903";"";"1015";"";""
"121500";"suski";"małopolskie";"60798";"66398";"21262";"39537";"56";"454";"0";"0";"0";"0";"0";"0";"0";"39535";"0";"2";"39533";"501";"310";"191";"0";"39032";"6007";"";"2989";"3178";"";"24525";"";"2333";"";""
"121600";"tarnowski";"małopolskie";"145041";"157817";"52073";"92866";"107";"412";"10";"10";"0";"0";"0";"0";"10";"92862";"10";"2";"92860";"1193";"792";"401";"0";"91667";"8302";"";"5920";"11672";"";"61890";"";"3883";"";""
"121700";"tatrzański";"małopolskie";"49990";"56793";"15710";"34279";"44";"4533";"4";"4";"0";"0";"0";"0";"4";"34281";"4";"0";"34281";"310";"179";"131";"0";"33971";"8081";"";"2624";"1915";"";"19034";"";"2317";"";""
"121800";"wadowicki";"małopolskie";"114461";"125500";"36931";"77530";"102";"461";"6";"6";"0";"0";"0";"0";"6";"77533";"6";"4";"77529";"992";"665";"327";"0";"76537";"16179";"";"5150";"8381";"";"41355";"";"5472";"";""
"121900";"wielicki";"małopolskie";"88129";"97917";"24269";"63859";"51";"418";"1";"1";"0";"0";"0";"0";"1";"63853";"1";"7";"63846";"592";"335";"257";"0";"63254";"14405";"";"5226";"8192";"";"30622";"";"4809";"";""
"126100";"Kraków";"małopolskie";"547911";"607616";"115048";"432818";"458";"8719";"120";"116";"1";"0";"0";"0";"115";"432820";"115";"143";"432677";"2444";"1078";"1366";"0";"430233";"151854";"";"35771";"26877";"1244";"142940";"";"65015";"6532";""
"126200";"Nowy Sącz";"małopolskie";"60547";"63838";"19098";"41446";"45";"250";"10";"10";"0";"0";"0";"0";"10";"41452";"10";"0";"41452";"280";"149";"131";"0";"41172";"9261";"";"2888";"1991";"";"21581";"";"5451";"";""
"126300";"Tarnów";"małopolskie";"81880";"87596";"27880";"53995";"111";"346";"17";"17";"0";"0";"0";"0";"17";"54007";"17";"7";"54000";"394";"212";"182";"0";"53606";"12420";"";"3807";"7688";"";"23988";"";"5703";"";""
"140100";"białobrzeski";"mazowieckie";"24325";"26676";"8257";"16068";"17";"89";"1";"1";"0";"0";"0";"0";"1";"16068";"1";"4";"16064";"254";"151";"103";"0";"15810";"2041";"";"691";"1898";"";"10341";"73";"680";"86";""
"140200";"ciechanowski";"mazowieckie";"64852";"71087";"24012";"40840";"45";"163";"2";"2";"0";"0";"0";"0";"2";"40839";"2";"0";"40839";"585";"359";"226";"0";"40254";"6417";"";"2059";"5769";"";"21835";"";"3586";"588";""
"140300";"garwoliński";"mazowieckie";"76756";"84683";"23559";"53196";"58";"238";"0";"0";"0";"0";"0";"0";"0";"53191";"0";"0";"53191";"673";"399";"274";"0";"52518";"5154";"159";"2944";"5799";"";"35286";"";"2351";"825";""
"140400";"gostyniński";"mazowieckie";"33543";"36566";"13080";"20463";"37";"87";"2";"2";"0";"0";"0";"0";"2";"20464";"2";"0";"20464";"342";"197";"145";"0";"20122";"3443";"";"1014";"2532";"";"11199";"";"1727";"207";""
"140500";"grodziski";"mazowieckie";"65672";"71976";"15000";"50659";"59";"402";"37";"37";"0";"0";"0";"0";"37";"50684";"37";"3";"50681";"420";"220";"200";"0";"50261";"14374";"";"3261";"5632";"";"19064";"";"6980";"950";""
"140600";"grójecki";"mazowieckie";"71005";"78071";"22603";"48401";"62";"323";"0";"0";"0";"0";"0";"0";"0";"48392";"0";"2";"48390";"609";"353";"256";"0";"47781";"5810";"";"3116";"10048";"";"24159";"277";"3990";"381";""
"140700";"kozienicki";"mazowieckie";"45593";"49355";"15963";"29631";"70";"207";"3";"3";"0";"0";"0";"0";"3";"29633";"3";"0";"29633";"360";"222";"138";"0";"29273";"5213";"";"1500";"2384";"";"17933";"191";"1852";"200";""
"140800";"legionowski";"mazowieckie";"80584";"89107";"16379";"64204";"54";"562";"9";"9";"0";"0";"0";"0";"9";"64203";"9";"10";"64193";"544";"326";"218";"0";"63649";"21766";"";"3581";"4405";"";"23956";"";"8724";"1217";""
"140900";"lipski";"mazowieckie";"25989";"28018";"11288";"14703";"19";"94";"0";"0";"0";"0";"0";"0";"0";"14700";"0";"1";"14699";"210";"126";"84";"0";"14489";"1400";"";"974";"1887";"";"9032";"80";"1006";"110";""
"141000";"łosicki";"mazowieckie";"22912";"25004";"8488";"14423";"20";"123";"2";"2";"1";"0";"0";"0";"1";"14425";"1";"0";"14425";"187";"110";"77";"0";"14238";"924";"41";"1004";"1859";"";"9476";"";"735";"199";""
"141100";"makowski";"mazowieckie";"32901";"36287";"12558";"20344";"35";"159";"0";"0";"0";"0";"0";"0";"0";"20343";"0";"0";"20343";"299";"193";"106";"0";"20044";"1935";"61";"1154";"2992";"";"12530";"";"1243";"129";""
"141200";"miński";"mazowieckie";"106892";"118439";"28498";"78393";"57";"466";"5";"5";"0";"0";"0";"0";"5";"78389";"5";"2";"78387";"823";"452";"371";"0";"77564";"19134";"306";"5610";"6316";"";"38948";"";"6295";"955";""
"141300";"mławski";"mazowieckie";"52085";"57065";"20860";"31224";"37";"170";"2";"2";"0";"0";"0";"0";"2";"31221";"2";"1";"31220";"519";"344";"175";"0";"30701";"4266";"";"1870";"4345";"";"17347";"";"2347";"526";""
"141400";"nowodworski";"mazowieckie";"56315";"62189";"17886";"38429";"34";"305";"1";"1";"0";"0";"0";"0";"1";"38425";"1";"4";"38421";"446";"274";"172";"0";"37975";"8394";"";"2258";"4725";"";"17142";"";"4893";"563";""
"141500";"ostrołęcki";"mazowieckie";"63458";"69921";"25713";"37745";"60";"152";"0";"0";"0";"0";"0";"0";"0";"37744";"0";"0";"37744";"612";"366";"246";"0";"37132";"3052";"92";"2295";"4643";"";"24737";"";"1875";"438";""
"141600";"ostrowski";"mazowieckie";"53435";"58031";"19735";"33702";"83";"172";"0";"0";"0";"0";"0";"0";"0";"33702";"0";"2";"33700";"387";"240";"147";"0";"33313";"4138";"83";"1737";"4390";"";"21073";"";"1712";"180";""
"141700";"otwocki";"mazowieckie";"86969";"95692";"19710";"67254";"68";"529";"2";"2";"0";"0";"0";"0";"2";"67246";"2";"2";"67244";"712";"389";"323";"0";"66532";"14804";"";"4623";"6876";"";"31381";"";"7667";"1181";""
"141800";"piaseczyński";"mazowieckie";"123315";"137697";"23046";"100268";"71";"1239";"9";"8";"0";"0";"0";"0";"8";"100240";"8";"15";"100225";"829";"417";"412";"0";"99396";"34431";"";"6200";"7257";"";"34960";"";"14871";"1677";""
"141900";"płocki";"mazowieckie";"79600";"87786";"30544";"49055";"84";"204";"1";"1";"0";"0";"0";"0";"1";"49055";"1";"0";"49055";"915";"560";"355";"0";"48140";"5600";"";"2387";"8733";"";"27340";"";"3427";"653";""
"142000";"płoński";"mazowieckie";"63096";"69514";"26313";"36779";"46";"208";"4";"4";"0";"0";"0";"0";"4";"36781";"4";"0";"36781";"696";"430";"266";"0";"36085";"5306";"";"1772";"4905";"";"20254";"";"3106";"742";""
"142100";"pruszkowski";"mazowieckie";"114510";"125728";"21102";"93416";"67";"887";"30";"30";"1";"0";"0";"0";"29";"93400";"29";"23";"93377";"668";"391";"277";"0";"92709";"28592";"";"5933";"8863";"";"33185";"";"12997";"3139";""
"142200";"przasnyski";"mazowieckie";"37600";"41166";"15141";"22459";"33";"98";"0";"0";"0";"0";"0";"0";"0";"22457";"0";"0";"22457";"279";"169";"110";"0";"22178";"1830";"";"1113";"4447";"";"13248";"";"1267";"273";""
"142300";"przysuski";"mazowieckie";"31405";"34348";"10454";"20950";"51";"163";"0";"0";"0";"0";"0";"0";"0";"20947";"0";"0";"20947";"294";"176";"118";"0";"20653";"1727";"";"1097";"2245";"";"14531";"177";"795";"81";""
"142400";"pułtuski";"mazowieckie";"37303";"40997";"13106";"24197";"48";"126";"2";"1";"0";"0";"0";"0";"1";"24196";"1";"1";"24195";"343";"217";"126";"0";"23852";"2199";"78";"1268";"5151";"";"13463";"";"1537";"156";""
"142500";"radomski";"mazowieckie";"109099";"119268";"37933";"71166";"73";"227";"2";"2";"0";"0";"0";"0";"2";"71156";"2";"2";"71154";"926";"561";"365";"0";"70228";"8423";"";"4123";"5988";"";"46366";"527";"4266";"535";""
"142600";"siedlecki";"mazowieckie";"58287";"64369";"18823";"39464";"30";"211";"2";"2";"0";"0";"0";"0";"2";"39465";"2";"1";"39464";"525";"299";"226";"0";"38939";"2496";"81";"2618";"4751";"";"26985";"";"1692";"316";""
"142700";"sierpecki";"mazowieckie";"37570";"41203";"15778";"21792";"55";"90";"0";"0";"0";"0";"0";"0";"0";"21790";"0";"2";"21788";"340";"228";"112";"0";"21448";"2578";"";"938";"3409";"";"12512";"";"1752";"259";""
"142800";"sochaczewski";"mazowieckie";"59941";"65666";"19160";"40777";"51";"195";"2";"2";"0";"0";"0";"0";"2";"40780";"2";"0";"40780";"518";"340";"178";"0";"40262";"5681";"";"2369";"8056";"";"20352";"";"3039";"765";""
"142900";"sokołowski";"mazowieckie";"40476";"43980";"13187";"27289";"54";"162";"3";"3";"0";"0";"0";"0";"3";"27289";"3";"0";"27289";"387";"193";"194";"0";"26902";"2494";"81";"1534";"4093";"";"17004";"";"1386";"310";""
"143000";"szydłowiecki";"mazowieckie";"28948";"31679";"11133";"17815";"29";"68";"2";"2";"0";"0";"0";"0";"2";"17815";"2";"0";"17815";"256";"156";"100";"0";"17559";"2302";"";"965";"1261";"";"11795";"128";"976";"132";""
"143200";"warszawski zachodni";"mazowieckie";"80961";"89589";"16392";"64559";"63";"598";"5";"5";"1";"1";"0";"0";"3";"64539";"3";"6";"64533";"542";"295";"247";"0";"63991";"20874";"";"4246";"4479";"";"24695";"";"8494";"1203";""
"143300";"węgrowski";"mazowieckie";"47807";"52869";"16021";"31766";"44";"203";"1";"1";"0";"0";"0";"0";"1";"31767";"1";"3";"31764";"526";"280";"246";"0";"31238";"4234";"99";"1961";"3376";"";"19658";"";"1609";"301";""
"143400";"wołomiński";"mazowieckie";"166005";"184150";"40589";"125435";"91";"808";"3";"3";"0";"0";"0";"0";"3";"125391";"3";"5";"125386";"1172";"652";"520";"0";"124214";"28051";"";"9573";"9247";"";"60440";"";"13722";"3181";""
"143500";"wyszkowski";"mazowieckie";"52562";"58033";"17375";"35185";"60";"227";"0";"0";"0";"0";"0";"0";"0";"35185";"0";"0";"35185";"544";"339";"205";"0";"34641";"4325";"115";"2514";"4912";"";"20298";"";"2108";"369";""
"143600";"zwoleński";"mazowieckie";"26866";"29293";"10712";"16154";"29";"82";"0";"0";"0";"0";"0";"0";"0";"16153";"0";"0";"16153";"219";"124";"95";"0";"15934";"1373";"";"897";"2383";"";"10238";"97";"851";"95";""
"143700";"żuromiński";"mazowieckie";"28487";"31093";"11765";"16722";"34";"81";"1";"1";"0";"0";"0";"0";"1";"16723";"1";"0";"16723";"300";"189";"111";"0";"16423";"1744";"";"635";"3139";"";"9410";"";"1329";"166";""
"143800";"żyrardowski";"mazowieckie";"52673";"58157";"16194";"36479";"40";"232";"2";"2";"0";"0";"0";"0";"2";"36478";"2";"0";"36478";"456";"287";"169";"0";"36022";"8420";"";"2263";"3682";"";"16923";"";"3867";"867";""
"146100";"Ostrołęka";"mazowieckie";"37341";"40107";"13107";"24234";"20";"125";"6";"6";"0";"0";"0";"0";"6";"24236";"6";"0";"24236";"256";"113";"143";"0";"23980";"4868";"91";"1785";"2305";"";"12087";"";"2542";"302";""
"146200";"Płock";"mazowieckie";"85096";"92579";"25666";"59428";"54";"357";"7";"5";"0";"0";"0";"0";"5";"59412";"5";"0";"59412";"486";"285";"201";"0";"58926";"17144";"";"2985";"7210";"";"23951";"";"7001";"635";""
"146300";"Radom";"mazowieckie";"148656";"160150";"44735";"103913";"92";"475";"20";"18";"1";"0";"0";"0";"17";"103918";"17";"6";"103912";"630";"283";"347";"0";"103282";"29160";"";"6361";"6091";"";"49314";"953";"10468";"935";""
"146400";"Siedlce";"mazowieckie";"54566";"59557";"15734";"38832";"30";"218";"4";"4";"0";"0";"0";"0";"4";"38830";"4";"1";"38829";"284";"146";"138";"0";"38545";"8171";"125";"2966";"3498";"";"19096";"";"4150";"539";""
"146500";"Warszawa";"mazowieckie";"1246409";"1392416";"172263";"1074004";"1164";"19574";"194";"184";"21";"2";"0";"0";"164";"1073499";"164";"309";"1073190";"5707";"2602";"3105";"0";"1067483";"458611";"";"68041";"52754";"";"301624";"";"186453";"";""
"160100";"brzeski";"opolskie";"64576";"69849";"25299";"39277";"43";"185";"2";"2";"0";"0";"0";"0";"2";"39271";"2";"0";"39271";"472";"294";"178";"0";"38799";"8954";"";"2498";"5979";"";"17178";"";"4042";"";"148"
"160200";"głubczycki";"opolskie";"34189";"36712";"15356";"18832";"21";"91";"1";"1";"0";"0";"0";"0";"1";"18833";"1";"0";"18833";"297";"195";"102";"0";"18536";"4348";"";"904";"1468";"";"10016";"";"1633";"";"167"
"160300";"kędzierzyńsko-kozielski";"opolskie";"67184";"72793";"29340";"37845";"27";"137";"6";"6";"0";"0";"0";"0";"6";"37840";"6";"9";"37831";"614";"426";"188";"0";"37217";"11564";"";"2299";"2828";"";"12344";"";"4492";"";"3690"
"160400";"kluczborski";"opolskie";"48117";"52271";"21509";"26606";"41";"114";"0";"0";"0";"0";"0";"0";"0";"26606";"0";"0";"26606";"363";"235";"128";"0";"26243";"6061";"";"1657";"3705";"";"10639";"";"2877";"";"1304"
"160500";"krapkowicki";"opolskie";"46211";"50162";"23063";"23149";"17";"108";"0";"0";"0";"0";"0";"0";"0";"23149";"0";"0";"23149";"499";"381";"118";"0";"22650";"5793";"";"1347";"1909";"";"6568";"";"2253";"";"4780"
"160600";"namysłowski";"opolskie";"31352";"33838";"12627";"18724";"12";"78";"0";"0";"0";"0";"0";"0";"0";"18722";"0";"0";"18722";"314";"215";"99";"0";"18408";"3923";"";"1029";"3038";"";"8141";"";"2110";"";"167"
"160700";"nyski";"opolskie";"102387";"110473";"43613";"58772";"100";"455";"6";"6";"0";"0";"0";"0";"6";"58775";"6";"1";"58774";"738";"463";"275";"0";"58036";"13259";"";"2953";"5427";"";"27933";"";"8115";"";"349"
"160800";"oleski";"opolskie";"47751";"51954";"22174";"25576";"26";"176";"0";"0";"0";"0";"0";"0";"0";"25572";"0";"0";"25572";"392";"254";"138";"0";"25180";"4881";"";"1420";"2816";"";"10528";"";"2756";"";"2779"
"160900";"opolski";"opolskie";"89834";"98153";"41551";"48280";"44";"247";"0";"0";"0";"0";"0";"0";"0";"48278";"0";"0";"48278";"899";"661";"238";"0";"47379";"12861";"";"2547";"5227";"";"13953";"";"4527";"";"8264"
"161000";"prudnicki";"opolskie";"40637";"43544";"18890";"21757";"31";"87";"1";"1";"0";"0";"0";"0";"1";"21755";"1";"3";"21752";"401";"306";"95";"0";"21351";"4190";"";"1168";"1950";"";"9634";"";"2046";"";"2363"
"161100";"strzelecki";"opolskie";"55646";"60447";"27433";"28213";"26";"118";"1";"1";"0";"0";"0";"0";"1";"28213";"1";"1";"28212";"582";"405";"177";"0";"27630";"7106";"";"1458";"1870";"";"9000";"";"2322";"";"5874"
"166100";"Opole";"opolskie";"91954";"99340";"26448";"65494";"80";"618";"12";"12";"0";"0";"0";"0";"12";"65455";"12";"3";"65452";"442";"269";"173";"0";"65010";"25630";"";"3896";"5684";"";"17065";"";"10526";"";"2209"
"180100";"bieszczadzki";"podkarpackie";"16529";"18443";"6930";"9599";"8";"731";"3";"3";"2";"0";"0";"0";"1";"9600";"1";"0";"9600";"135";"89";"46";"0";"9465";"2064";"";"729";"1095";"";"4719";"";"858";"";""
"180200";"brzozowski";"podkarpackie";"48206";"52182";"18995";"29211";"77";"191";"2";"2";"0";"0";"0";"0";"2";"29206";"2";"0";"29206";"341";"214";"127";"0";"28865";"2367";"";"1898";"1536";"";"21872";"";"1192";"";""
"180300";"dębicki";"podkarpackie";"97959";"106401";"34138";"63821";"88";"235";"2";"2";"0";"0";"0";"0";"2";"63819";"2";"1";"63818";"717";"427";"290";"0";"63101";"8768";"";"4509";"5179";"";"41279";"259";"3107";"";""
"180400";"jarosławski";"podkarpackie";"88893";"96003";"33472";"55421";"132";"306";"2";"2";"0";"0";"0";"0";"2";"55417";"2";"2";"55415";"753";"542";"211";"0";"54662";"8707";"";"3345";"4582";"";"35874";"";"2154";"";""
"180500";"jasielski";"podkarpackie";"84975";"91554";"32571";"52404";"77";"267";"0";"0";"0";"0";"0";"0";"0";"52399";"0";"1";"52398";"626";"394";"232";"0";"51772";"7386";"";"3745";"2507";"";"35592";"";"2542";"";""
"180600";"kolbuszowski";"podkarpackie";"46897";"49533";"19302";"27595";"48";"78";"3";"3";"0";"0";"0";"0";"3";"27596";"3";"0";"27596";"300";"178";"122";"0";"27296";"1885";"";"2677";"1835";"";"19712";"107";"1080";"";""
"180700";"krośnieński";"podkarpackie";"83838";"90734";"31666";"52169";"90";"1276";"4";"4";"0";"0";"0";"0";"4";"52164";"4";"0";"52164";"637";"375";"262";"0";"51527";"7026";"";"3633";"3949";"";"33987";"";"2932";"";""
"180800";"leżajski";"podkarpackie";"50934";"54805";"19079";"31855";"79";"144";"1";"1";"0";"0";"0";"0";"1";"31848";"1";"1";"31847";"264";"164";"100";"0";"31583";"2701";"";"2512";"1712";"";"23421";"91";"1146";"";""
"180900";"lubaczowski";"podkarpackie";"41722";"45267";"17657";"24065";"40";"357";"0";"0";"0";"0";"0";"0";"0";"24064";"0";"2";"24062";"334";"248";"86";"0";"23728";"1521";"";"1641";"3404";"";"15208";"";"1954";"";""
"181000";"łańcucki";"podkarpackie";"57938";"63498";"18264";"39674";"51";"185";"2";"2";"0";"0";"0";"0";"2";"39674";"2";"2";"39672";"319";"161";"158";"0";"39353";"4049";"";"3356";"2850";"";"27119";"197";"1782";"";""
"181100";"mielecki";"podkarpackie";"98192";"106690";"34485";"63707";"98";"211";"9";"9";"0";"0";"0";"0";"9";"63710";"9";"0";"63710";"673";"414";"259";"0";"63037";"8609";"";"4067";"6647";"";"39459";"401";"3854";"";""
"181200";"niżański";"podkarpackie";"49554";"53574";"20857";"28697";"51";"127";"1";"1";"0";"0";"0";"0";"1";"28698";"1";"0";"28698";"317";"180";"137";"0";"28381";"2197";"";"2376";"1717";"";"19985";"168";"1938";"";""
"181300";"przemyski";"podkarpackie";"55110";"59462";"23436";"31674";"54";"281";"0";"0";"0";"0";"0";"0";"0";"31673";"0";"1";"31672";"557";"399";"158";"0";"31115";"3693";"";"2233";"3394";"";"20400";"";"1395";"";""
"181400";"przeworski";"podkarpackie";"57965";"63104";"22090";"35875";"99";"178";"3";"3";"0";"0";"0";"0";"3";"35875";"3";"0";"35875";"514";"338";"176";"0";"35361";"3793";"";"2148";"3336";"";"24544";"";"1540";"";""
"181500";"ropczycko-sędziszowski";"podkarpackie";"53219";"58327";"17409";"35810";"52";"103";"0";"0";"0";"0";"0";"0";"0";"35810";"0";"1";"35809";"421";"246";"175";"0";"35388";"2504";"";"2571";"3288";"";"25488";"130";"1407";"";""
"181600";"rzeszowski";"podkarpackie";"119121";"131843";"35929";"83192";"104";"1780";"3";"3";"0";"0";"0";"0";"3";"83185";"3";"3";"83182";"767";"444";"323";"0";"82415";"8949";"";"7056";"6042";"";"55706";"442";"4220";"";""
"181700";"sanocki";"podkarpackie";"69369";"75096";"28064";"41305";"66";"643";"7";"7";"0";"0";"0";"0";"7";"41305";"7";"1";"41304";"497";"359";"138";"0";"40807";"9352";"";"2391";"2425";"";"24240";"";"2399";"";""
"181800";"stalowowolski";"podkarpackie";"77648";"83200";"30508";"47139";"85";"209";"5";"5";"0";"0";"0";"0";"5";"47138";"5";"0";"47138";"438";"234";"204";"0";"46700";"7220";"";"4007";"2757";"";"28543";"581";"3592";"";""
"181900";"strzyżowski";"podkarpackie";"45082";"49164";"17039";"28041";"46";"131";"0";"0";"0";"0";"0";"0";"0";"28041";"0";"0";"28041";"273";"178";"95";"0";"27768";"2462";"";"2457";"1968";"";"19433";"141";"1307";"";""
"182000";"tarnobrzeski";"podkarpackie";"39925";"43113";"16262";"23663";"40";"119";"1";"1";"0";"0";"0";"0";"1";"23664";"1";"0";"23664";"262";"167";"95";"0";"23402";"2901";"";"1499";"2794";"";"14951";"156";"1101";"";""
"182100";"leski";"podkarpackie";"22616";"24783";"8146";"14470";"27";"2274";"0";"0";"0";"0";"0";"0";"0";"14469";"0";"0";"14469";"165";"101";"64";"0";"14304";"2720";"";"879";"1690";"";"7703";"";"1312";"";""
"186100";"Krosno";"podkarpackie";"34543";"36985";"12068";"22475";"44";"231";"2";"2";"0";"0";"0";"0";"2";"22476";"2";"0";"22476";"144";"80";"64";"0";"22332";"6215";"";"1742";"1124";"";"10707";"";"2544";"";""
"186200";"Przemyśl";"podkarpackie";"45146";"48029";"18241";"26905";"52";"204";"8";"8";"0";"0";"0";"0";"8";"26908";"8";"0";"26908";"265";"159";"106";"0";"26643";"7402";"";"2231";"1613";"";"12642";"";"2755";"";""
"186300";"Rzeszów";"podkarpackie";"136019";"151191";"36688";"99330";"83";"934";"13";"12";"1";"0";"0";"0";"11";"99310";"10";"8";"99302";"548";"279";"269";"0";"98754";"26451";"";"9780";"7261";"";"42426";"707";"12129";"";""
"186400";"Tarnobrzeg";"podkarpackie";"34534";"36999";"12751";"21783";"25";"119";"1";"1";"0";"0";"0";"0";"1";"21784";"1";"3";"21781";"173";"100";"73";"0";"21608";"6007";"";"1733";"1818";"";"9746";"150";"2154";"";""
"200100";"augustowski";"podlaskie";"42120";"45785";"18160";"23960";"38";"305";"1";"1";"0";"0";"0";"0";"1";"23958";"1";"0";"23958";"257";"143";"114";"0";"23701";"3827";"82";"1383";"3493";"";"13041";"87";"1623";"165";""
"200200";"białostocki";"podlaskie";"107451";"117348";"37328";"70124";"110";"365";"4";"4";"0";"0";"0";"0";"4";"70119";"4";"0";"70119";"637";"318";"319";"0";"69482";"15317";"229";"5270";"4654";"";"36994";"346";"6008";"664";""
"200300";"bielski";"podlaskie";"41778";"45008";"17665";"24115";"83";"127";"2";"2";"0";"0";"0";"0";"2";"24117";"2";"0";"24117";"241";"135";"106";"0";"23876";"6110";"65";"1074";"1844";"";"12163";"72";"2364";"184";""
"200400";"grajewski";"podlaskie";"34299";"37267";"15450";"18849";"26";"100";"1";"1";"0";"0";"1";"0";"0";"18847";"0";"0";"18847";"256";"144";"112";"0";"18591";"2085";"77";"1381";"2604";"";"11371";"55";"948";"70";""
"200500";"hajnowski";"podlaskie";"33590";"36381";"15703";"17887";"23";"213";"4";"4";"0";"0";"0";"0";"4";"17889";"4";"4";"17885";"262";"165";"97";"0";"17623";"6053";"103";"999";"2150";"";"5274";"102";"2808";"134";""
"200600";"kolneński";"podlaskie";"28073";"30610";"12652";"15421";"17";"69";"4";"4";"0";"0";"0";"0";"4";"15419";"4";"0";"15419";"252";"180";"72";"0";"15167";"984";"43";"851";"1973";"";"10372";"47";"836";"61";""
"200700";"łomżyński";"podlaskie";"37002";"40823";"14915";"22087";"50";"115";"2";"2";"0";"0";"0";"0";"2";"22088";"2";"2";"22086";"282";"167";"115";"0";"21804";"1925";"50";"1279";"2045";"";"15596";"56";"717";"136";""
"200800";"moniecki";"podlaskie";"30347";"32854";"14384";"15963";"32";"80";"2";"2";"0";"0";"0";"0";"2";"15962";"2";"0";"15962";"183";"115";"68";"0";"15779";"1977";"38";"1012";"1838";"";"10095";"53";"686";"80";""
"200900";"sejneński";"podlaskie";"15044";"16394";"7183";"7861";"33";"114";"0";"0";"0";"0";"0";"0";"0";"7861";"0";"1";"7860";"96";"56";"40";"0";"7764";"1569";"66";"424";"1262";"";"3621";"46";"721";"55";""
"201000";"siemiatycki";"podlaskie";"33991";"36496";"15916";"18075";"42";"176";"2";"2";"0";"0";"0";"0";"2";"18077";"2";"0";"18077";"203";"138";"65";"0";"17874";"3468";"36";"1001";"2195";"";"9584";"64";"1418";"108";""
"201100";"sokólski";"podlaskie";"50024";"54290";"22026";"27998";"59";"155";"1";"1";"0";"0";"0";"0";"1";"27996";"1";"0";"27996";"307";"181";"126";"0";"27689";"3264";"87";"2049";"3726";"";"16745";"76";"1635";"107";""
"201200";"suwalski";"podlaskie";"26157";"28574";"11013";"15144";"33";"125";"1";"1";"0";"0";"0";"0";"1";"15145";"1";"1";"15144";"182";"91";"91";"0";"14962";"1764";"58";"987";"2433";"";"8703";"86";"847";"84";""
"201300";"wysokomazowiecki";"podlaskie";"42036";"45730";"15261";"26775";"39";"140";"1";"1";"0";"0";"0";"0";"1";"26775";"1";"0";"26775";"289";"170";"119";"0";"26486";"1746";"57";"1465";"2823";"";"19220";"61";"959";"155";""
"201400";"zambrowski";"podlaskie";"32650";"35335";"13391";"19259";"26";"96";"1";"1";"0";"0";"0";"0";"1";"19258";"1";"0";"19258";"210";"117";"93";"0";"19048";"1831";"43";"1064";"3137";"";"11901";"85";"897";"90";""
"206100";"Białystok";"podlaskie";"200842";"220079";"56191";"144655";"197";"1161";"31";"31";"2";"1";"0";"0";"28";"144653";"28";"9";"144644";"898";"448";"450";"0";"143746";"43541";"481";"12117";"7504";"";"57929";"749";"20116";"1309";""
"206200";"Łomża";"podlaskie";"44035";"46992";"16554";"27481";"30";"133";"3";"3";"0";"0";"0";"0";"3";"27482";"3";"0";"27482";"183";"90";"93";"0";"27299";"6582";"99";"1743";"1825";"";"14749";"87";"1887";"327";""
"206300";"Suwałki";"podlaskie";"49313";"52552";"19397";"29914";"57";"206";"2";"2";"0";"0";"0";"0";"2";"29914";"2";"0";"29914";"227";"112";"115";"0";"29687";"7484";"161";"2108";"3060";"";"13530";"200";"2872";"272";""
"220100";"bytowski";"pomorskie";"56551";"60117";"23979";"32572";"19";"217";"5";"5";"0";"1";"0";"0";"4";"32573";"4";"0";"32573";"443";"252";"191";"0";"32130";"8576";"";"2137";"3018";"";"14047";"";"4352";"";""
"220200";"chojnicki";"pomorskie";"68877";"73210";"25968";"42909";"44";"318";"11";"11";"7";"0";"0";"0";"4";"42908";"4";"0";"42908";"514";"294";"220";"0";"42394";"12996";"";"3033";"3401";"";"19217";"";"3747";"";""
"220300";"człuchowski";"pomorskie";"42251";"44358";"19477";"22774";"16";"167";"0";"0";"0";"0";"0";"0";"0";"22774";"0";"0";"22774";"444";"290";"154";"0";"22330";"7720";"";"1419";"2060";"";"8432";"";"2699";"";""
"220400";"gdański";"pomorskie";"77547";"85129";"22909";"54636";"42";"417";"4";"4";"0";"0";"0";"0";"4";"54598";"4";"6";"54592";"632";"391";"241";"0";"53960";"23087";"";"4497";"3628";"";"16186";"";"6562";"";""
"220500";"kartuski";"pomorskie";"91565";"99529";"26259";"65307";"37";"802";"11";"11";"0";"0";"0";"0";"11";"65297";"11";"3";"65294";"792";"463";"329";"0";"64502";"20666";"";"4788";"5251";"";"29265";"";"4532";"";""
"220600";"kościerski";"pomorskie";"50479";"54689";"17106";"33373";"21";"343";"9";"9";"0";"0";"0";"0";"9";"33378";"9";"0";"33378";"473";"269";"204";"0";"32905";"7444";"";"2504";"5055";"";"15217";"";"2685";"";""
"220700";"kwidzyński";"pomorskie";"58245";"62621";"24975";"33271";"28";"147";"2";"2";"0";"1";"0";"0";"1";"33271";"1";"1";"33270";"542";"375";"167";"0";"32728";"10506";"";"2588";"1739";"";"12864";"";"5031";"";""
"220800";"lęborski";"pomorskie";"45632";"49089";"16820";"28810";"25";"398";"3";"3";"0";"0";"0";"0";"3";"28811";"3";"0";"28811";"390";"250";"140";"0";"28421";"9931";"";"2217";"2718";"";"9900";"";"3655";"";""
"220900";"malborski";"pomorskie";"44886";"48438";"18010";"26875";"57";"118";"4";"4";"0";"0";"0";"0";"4";"26865";"4";"0";"26865";"337";"232";"105";"0";"26528";"9379";"";"1914";"2355";"";"8949";"";"3931";"";""
"221000";"nowodworski";"pomorskie";"25577";"28308";"10133";"15445";"12";"614";"1";"1";"0";"0";"0";"0";"1";"15442";"1";"0";"15442";"228";"147";"81";"0";"15214";"6199";"";"973";"1250";"";"5209";"";"1583";"";""
"221100";"pucki";"pomorskie";"60600";"66256";"18340";"42260";"28";"1335";"2";"2";"1";"0";"0";"0";"1";"42255";"1";"0";"42255";"497";"281";"216";"0";"41758";"15611";"";"2991";"3365";"";"15406";"";"4385";"";""
"221200";"słupski";"pomorskie";"69719";"74506";"30466";"39254";"54";"958";"4";"4";"0";"0";"0";"0";"4";"39254";"4";"6";"39248";"568";"343";"225";"0";"38680";"12067";"";"2383";"3586";"";"14422";"";"6222";"";""
"221300";"starogardzki";"pomorskie";"88770";"96294";"34389";"54392";"37";"435";"3";"3";"3";"0";"0";"0";"0";"54377";"0";"3";"54374";"815";"534";"281";"0";"53559";"12869";"";"3758";"5964";"";"25616";"";"5352";"";""
"221400";"tczewski";"pomorskie";"79518";"85917";"30467";"49050";"40";"218";"2";"2";"0";"0";"0";"0";"2";"49041";"2";"6";"49035";"766";"508";"258";"0";"48269";"14836";"";"3842";"4252";"";"19658";"";"5681";"";""
"221500";"wejherowski";"pomorskie";"145121";"157388";"43794";"101325";"74";"644";"13";"13";"1";"0";"0";"0";"12";"101322";"12";"7";"101315";"1130";"674";"456";"0";"100185";"36296";"";"8344";"7551";"";"36694";"";"11300";"";""
"221600";"sztumski";"pomorskie";"30623";"32917";"15076";"15548";"17";"43";"0";"0";"0";"0";"0";"0";"0";"15544";"0";"0";"15544";"369";"284";"85";"0";"15175";"5133";"";"876";"1437";"";"5997";"";"1732";"";""
"226100";"Gdańsk";"pomorskie";"322653";"362250";"59873";"262886";"207";"5047";"75";"75";"0";"0";"0";"0";"75";"262800";"75";"27";"262773";"1398";"700";"698";"0";"261375";"125440";"";"18471";"9798";"";"69751";"";"37915";"";""
"226200";"Gdynia";"pomorskie";"176417";"187565";"40414";"136042";"164";"1857";"33";"33";"0";"1";"0";"0";"32";"136016";"32";"25";"135991";"845";"369";"476";"0";"135146";"61672";"";"9980";"7603";"";"34933";"";"20958";"";""
"226300";"Słupsk";"pomorskie";"65415";"68457";"22769";"42646";"43";"323";"9";"8";"4";"0";"0";"0";"4";"42645";"4";"2";"42643";"372";"207";"165";"0";"42271";"15229";"";"2568";"2524";"";"14049";"";"7901";"";""
"226400";"Sopot";"pomorskie";"26163";"29777";"4024";"22152";"60";"1462";"8";"8";"1";"0";"0";"0";"7";"22133";"7";"3";"22130";"109";"47";"62";"0";"22021";"11035";"";"1234";"780";"";"5523";"";"3449";"";""
"240100";"będziński";"śląskie";"107705";"118130";"33069";"74635";"82";"285";"6";"6";"0";"0";"0";"0";"6";"74630";"6";"3";"74627";"713";"465";"248";"0";"73914";"23727";"";"5021";"3510";"";"25141";"";"16515";"";""
"240200";"bielski";"śląskie";"118882";"127767";"33522";"85359";"108";"573";"5";"5";"0";"0";"0";"0";"5";"85357";"5";"0";"85357";"804";"459";"345";"0";"84553";"22355";"";"6732";"7336";"";"38636";"";"9494";"";""
"240300";"cieszyński";"śląskie";"134799";"140899";"47013";"87793";"110";"2000";"5";"5";"0";"0";"0";"0";"5";"87777";"5";"1";"87776";"877";"537";"340";"0";"86899";"24590";"";"6709";"7114";"";"36049";"";"12437";"";""
"240400";"częstochowski";"śląskie";"100258";"109379";"34114";"66142";"65";"359";"7";"7";"0";"0";"0";"0";"7";"66141";"7";"2";"66139";"907";"651";"256";"0";"65232";"12157";"";"3851";"7336";"";"32353";"";"8204";"1331";""
"240500";"gliwicki";"śląskie";"81218";"88765";"29474";"51743";"28";"203";"2";"2";"1";"0";"0";"0";"1";"51741";"1";"0";"51741";"650";"368";"282";"0";"51091";"15083";"";"4193";"3398";"";"22063";"";"5257";"1097";""
"240600";"kłobucki";"śląskie";"62793";"69009";"22336";"40457";"44";"255";"5";"5";"0";"0";"0";"0";"5";"40455";"5";"0";"40455";"593";"429";"164";"0";"39862";"5722";"";"2392";"7642";"";"18856";"";"4472";"778";""
"240700";"lubliniecki";"śląskie";"56849";"61467";"22940";"33909";"43";"197";"2";"1";"0";"0";"0";"0";"1";"33907";"1";"0";"33907";"542";"339";"203";"0";"33365";"8022";"";"2077";"2637";"";"16454";"";"2753";"1422";""
"240800";"mikołowski";"śląskie";"70367";"75065";"20956";"49360";"65";"188";"2";"2";"0";"0";"0";"0";"2";"49358";"2";"10";"49348";"478";"273";"205";"0";"48870";"15428";"";"3837";"3114";"";"20689";"";"4922";"880";""
"240900";"myszkowski";"śląskie";"52293";"57145";"18983";"33310";"51";"228";"0";"0";"0";"0";"0";"0";"0";"33303";"0";"0";"33303";"435";"320";"115";"0";"32868";"6274";"";"2114";"2350";"";"16023";"";"5091";"1016";""
"241000";"pszczyński";"śląskie";"79286";"84226";"23498";"55789";"51";"306";"0";"0";"0";"0";"0";"0";"0";"55787";"0";"2";"55785";"550";"315";"235";"0";"55235";"13225";"";"4136";"3674";"";"29391";"";"4809";"";""
"241100";"raciborski";"śląskie";"79043";"83590";"37238";"41804";"42";"174";"7";"7";"1";"0";"0";"0";"6";"41809";"6";"0";"41809";"498";"336";"162";"0";"41311";"12500";"";"2602";"2699";"";"18922";"";"4030";"558";""
"241200";"rybnicki";"śląskie";"55469";"59601";"18902";"36567";"38";"77";"1";"1";"0";"0";"0";"0";"1";"36559";"1";"0";"36559";"397";"238";"159";"0";"36162";"9478";"";"2501";"1851";"";"19317";"";"2432";"583";""
"241300";"tarnogórski";"śląskie";"100606";"109913";"33119";"67486";"73";"341";"4";"4";"0";"0";"0";"0";"4";"67484";"4";"2";"67482";"653";"421";"232";"0";"66829";"19532";"";"4307";"5261";"";"28016";"";"8400";"1313";""
"241400";"bieruńsko-lędziński";"śląskie";"41490";"45726";"11994";"29496";"29";"100";"0";"0";"0";"0";"0";"0";"0";"29491";"0";"0";"29491";"320";"192";"128";"0";"29171";"6765";"";"2146";"1410";"";"16597";"";"2253";"";""
"241500";"wodzisławski";"śląskie";"113620";"120718";"40378";"73257";"80";"196";"2";"2";"0";"0";"0";"0";"2";"73235";"2";"6";"73229";"705";"385";"320";"0";"72524";"17395";"";"5103";"4250";"";"37619";"";"7016";"1141";""
"241600";"zawierciański";"śląskie";"87913";"95983";"29388";"58525";"77";"310";"5";"5";"0";"0";"0";"0";"5";"58516";"5";"1";"58515";"620";"409";"211";"0";"57895";"13990";"";"4573";"4056";"";"26785";"";"8491";"";""
"241700";"żywiecki";"śląskie";"112939";"121013";"37631";"75308";"111";"919";"2";"2";"0";"0";"0";"0";"2";"75301";"2";"4";"75297";"861";"478";"383";"0";"74436";"15385";"";"4924";"4976";"";"43270";"";"5881";"";""
"246100";"Bielsko-Biała";"śląskie";"123506";"131455";"34730";"88765";"123";"777";"26";"26";"5";"0";"0";"0";"21";"88737";"21";"5";"88732";"599";"296";"303";"0";"88133";"30321";"";"6399";"4652";"";"34681";"";"12080";"";""
"246200";"Bytom";"śląskie";"109722";"118782";"42668";"67054";"68";"216";"3";"3";"0";"0";"0";"0";"3";"67054";"3";"1";"67053";"785";"466";"319";"0";"66268";"19353";"";"4568";"3841";"";"25846";"";"10337";"2323";""
"246300";"Chorzów";"śląskie";"73440";"79689";"25293";"48147";"54";"222";"8";"8";"0";"0";"0";"1";"7";"48143";"7";"5";"48138";"537";"286";"251";"0";"47601";"19977";"";"3694";"2137";"";"15843";"";"5950";"";""
"246400";"Częstochowa";"śląskie";"159708";"173075";"45694";"114006";"127";"825";"28";"27";"0";"0";"0";"0";"27";"113985";"27";"12";"113973";"783";"402";"381";"0";"113190";"32199";"";"6844";"4739";"";"42304";"";"23834";"3270";""
"246500";"Dąbrowa Górnicza";"śląskie";"85996";"94046";"25910";"60084";"38";"238";"10";"10";"0";"0";"0";"0";"10";"60082";"10";"0";"60082";"489";"265";"224";"0";"59593";"16897";"";"3659";"2550";"";"21208";"";"15279";"";""
"246600";"Gliwice";"śląskie";"125793";"136344";"36160";"89632";"95";"564";"13";"13";"0";"0";"0";"0";"13";"89624";"13";"2";"89622";"773";"398";"375";"0";"88849";"34874";"";"6677";"4316";"";"28167";"";"12089";"2726";""
"246700";"Jastrzębie-Zdrój";"śląskie";"64439";"68314";"22791";"41650";"43";"148";"1";"1";"0";"0";"0";"0";"1";"41635";"1";"2";"41633";"396";"218";"178";"0";"41237";"9581";"";"2970";"1801";"";"21993";"";"4373";"519";""
"246800";"Jaworzno";"śląskie";"64981";"70863";"21107";"43873";"72";"189";"6";"6";"1";"0";"0";"0";"5";"43863";"5";"0";"43863";"427";"258";"169";"0";"43436";"13817";"";"3065";"2646";"";"17688";"";"6220";"";""
"246900";"Katowice";"śląskie";"207388";"227769";"53486";"153903";"174";"1690";"22";"22";"1";"0";"0";"0";"21";"153869";"21";"4";"153865";"1254";"686";"568";"0";"152611";"62465";"";"11083";"6033";"";"51632";"";"21398";"";""
"247000";"Mysłowice";"śląskie";"52061";"55999";"16294";"35765";"33";"146";"5";"5";"0";"1";"0";"0";"4";"35763";"4";"6";"35757";"297";"186";"111";"0";"35460";"11972";"";"2404";"1784";"";"15386";"";"3914";"";""
"247100";"Piekary Śląskie";"śląskie";"39008";"42370";"12879";"26129";"33";"97";"3";"3";"0";"0";"0";"0";"3";"26131";"3";"0";"26131";"287";"182";"105";"0";"25844";"10326";"";"1429";"829";"";"11370";"";"1890";"";""
"247200";"Ruda Śląska";"śląskie";"95669";"104865";"32563";"63106";"46";"225";"2";"2";"0";"0";"0";"0";"2";"63085";"2";"0";"63085";"645";"332";"313";"0";"62440";"20522";"";"4749";"3016";"";"27634";"";"6519";"";""
"247300";"Rybnik";"śląskie";"98132";"104680";"32737";"65405";"60";"216";"11";"11";"0";"0";"0";"0";"11";"65411";"11";"0";"65411";"559";"308";"251";"0";"64852";"19732";"";"4725";"3425";"";"29524";"";"6424";"1022";""
"247400";"Siemianowice Śląskie";"śląskie";"46231";"50692";"14203";"32028";"30";"111";"3";"3";"0";"0";"0";"0";"3";"32028";"3";"1";"32027";"338";"194";"144";"0";"31689";"12396";"";"2401";"1290";"";"11232";"";"4370";"";""
"247500";"Sosnowiec";"śląskie";"144939";"158349";"43546";"101393";"86";"494";"15";"14";"1";"1";"0";"1";"11";"101390";"11";"3";"101387";"794";"477";"317";"0";"100593";"31068";"";"5332";"3501";"";"33731";"";"26961";"";""
"247600";"Świętochłowice";"śląskie";"33940";"37258";"12803";"21137";"12";"47";"3";"3";"0";"0";"0";"0";"3";"21136";"3";"0";"21136";"253";"146";"107";"0";"20883";"7597";"";"1587";"1025";"";"8357";"";"2317";"";""
"247700";"Tychy";"śląskie";"88565";"96490";"24043";"64512";"71";"248";"6";"5";"1";"0";"0";"0";"4";"64498";"4";"5";"64493";"559";"312";"247";"0";"63934";"22663";"";"4923";"2988";"";"25979";"";"7381";"";""
"247800";"Zabrze";"śląskie";"117079";"128001";"48693";"68386";"70";"435";"8";"7";"0";"0";"0";"0";"7";"68389";"7";"3";"68386";"776";"421";"355";"0";"67610";"22236";"";"6369";"3592";"";"24487";"";"9500";"1426";""
"247900";"Żory";"śląskie";"43057";"46109";"13915";"29142";"25";"108";"3";"3";"0";"0";"0";"0";"3";"29141";"3";"0";"29141";"261";"143";"118";"0";"28880";"8379";"";"2201";"1676";"";"13096";"";"3103";"425";""
"260100";"buski";"świętokrzyskie";"55683";"60128";"21963";"33719";"81";"1428";"1";"1";"0";"0";"0";"0";"1";"33719";"1";"1";"33718";"372";"246";"126";"0";"33346";"3659";"";"1556";"4977";"";"19839";"370";"2667";"278";""
"260200";"jędrzejowski";"świętokrzyskie";"63659";"69211";"24224";"39435";"58";"266";"1";"1";"0";"0";"0";"0";"1";"39435";"1";"0";"39435";"502";"343";"159";"0";"38933";"3794";"";"1921";"5028";"";"24661";"409";"2855";"265";""
"260300";"kazimierski";"świętokrzyskie";"25946";"28056";"12337";"13609";"22";"60";"2";"2";"0";"0";"0";"0";"2";"13610";"2";"0";"13610";"172";"101";"71";"0";"13438";"1527";"";"658";"2404";"";"7937";"79";"752";"81";""
"260400";"kielecki";"świętokrzyskie";"154753";"168472";"55313";"99438";"137";"503";"1";"1";"0";"0";"0";"0";"1";"99431";"1";"7";"99424";"1119";"695";"424";"0";"98305";"12621";"";"6759";"8633";"";"60658";"1563";"7037";"1034";""
"260500";"konecki";"świętokrzyskie";"61347";"66021";"24491";"36856";"88";"208";"0";"0";"0";"0";"0";"0";"0";"36854";"0";"0";"36854";"467";"282";"185";"0";"36387";"4443";"";"1873";"2925";"";"22037";"400";"4469";"240";""
"260600";"opatowski";"świętokrzyskie";"40071";"43120";"17596";"22475";"34";"114";"4";"3";"0";"0";"0";"0";"3";"22478";"3";"0";"22478";"413";"254";"159";"0";"22065";"1598";"";"991";"3249";"";"14211";"276";"1514";"226";""
"260700";"ostrowiecki";"świętokrzyskie";"82477";"87399";"34908";"47570";"62";"231";"0";"0";"0";"0";"0";"0";"0";"47560";"0";"0";"47560";"625";"357";"268";"0";"46935";"9085";"";"2816";"3755";"";"23226";"693";"6824";"536";""
"260800";"pińczowski";"świętokrzyskie";"30815";"33198";"13268";"17547";"42";"142";"1";"1";"0";"0";"0";"0";"1";"17546";"1";"0";"17546";"185";"125";"60";"0";"17361";"2176";"";"873";"2164";"";"10441";"187";"1370";"150";""
"260900";"sandomierski";"świętokrzyskie";"58784";"63584";"24827";"33957";"77";"289";"6";"6";"0";"0";"0";"0";"6";"33960";"6";"2";"33958";"433";"289";"144";"0";"33525";"4387";"";"1993";"5842";"";"17991";"286";"2766";"260";""
"261000";"skarżyski";"świętokrzyskie";"56561";"60494";"21555";"35006";"70";"175";"1";"1";"0";"0";"0";"0";"1";"35003";"1";"1";"35002";"350";"241";"109";"0";"34652";"8897";"";"2111";"1859";"";"16713";"537";"4155";"380";""
"261100";"starachowicki";"świętokrzyskie";"67393";"72100";"25384";"42009";"61";"228";"1";"1";"0";"0";"0";"0";"1";"42001";"1";"0";"42001";"448";"297";"151";"0";"41553";"8704";"";"2867";"2409";"";"22347";"654";"4048";"524";""
"261200";"staszowski";"świętokrzyskie";"54519";"58592";"22182";"32336";"42";"158";"1";"1";"0";"0";"0";"0";"1";"32335";"1";"0";"32335";"380";"277";"103";"0";"31955";"2747";"";"1687";"3782";"";"20852";"267";"2342";"278";""
"261300";"włoszczowski";"świętokrzyskie";"34129";"37218";"12708";"21421";"21";"150";"1";"1";"0";"0";"0";"0";"1";"21422";"1";"0";"21422";"256";"169";"87";"0";"21166";"1333";"";"1146";"3504";"";"13491";"171";"1413";"108";""
"266100";"Kielce";"świętokrzyskie";"141429";"151204";"40446";"100975";"104";"635";"13";"13";"0";"0";"1";"0";"12";"100954";"12";"21";"100933";"663";"340";"323";"0";"100270";"29909";"";"6644";"5758";"";"40051";"2381";"14487";"1040";""
"280100";"bartoszycki";"warmińsko-mazurskie";"43056";"46275";"20529";"22527";"22";"215";"0";"0";"0";"0";"0";"0";"0";"22527";"0";"0";"22527";"472";"370";"102";"0";"22055";"7093";"";"1089";"1729";"";"9161";"";"2483";"500";""
"280200";"braniewski";"warmińsko-mazurskie";"30306";"32835";"14305";"16001";"32";"112";"0";"0";"0";"0";"0";"0";"0";"16000";"0";"0";"16000";"306";"240";"66";"0";"15694";"4351";"";"862";"1926";"";"5969";"";"1657";"929";""
"280300";"działdowski";"warmińsko-mazurskie";"46810";"51109";"20530";"26280";"21";"119";"0";"0";"0";"0";"0";"0";"0";"26278";"0";"2";"26276";"597";"435";"162";"0";"25679";"5140";"";"1380";"3902";"";"12382";"";"2307";"568";""
"280400";"elbląski";"warmińsko-mazurskie";"41137";"44717";"19747";"21389";"19";"94";"1";"1";"0";"0";"1";"0";"0";"21391";"0";"2";"21389";"419";"298";"121";"0";"20970";"5677";"";"1176";"2347";"";"8715";"";"2430";"625";""
"280500";"ełcki";"warmińsko-mazurskie";"62584";"67446";"29010";"33574";"45";"280";"2";"2";"0";"0";"0";"0";"2";"33577";"2";"2";"33575";"443";"250";"193";"0";"33132";"8024";"";"2959";"3039";"";"14360";"259";"4491";"";""
"280600";"giżycki";"warmińsko-mazurskie";"40204";"44372";"16581";"23622";"33";"322";"2";"2";"0";"0";"0";"0";"2";"23623";"2";"0";"23623";"413";"285";"128";"0";"23210";"6681";"";"1592";"3292";"";"8591";"163";"2891";"";""
"280700";"iławski";"warmińsko-mazurskie";"66265";"72018";"27762";"38503";"31";"259";"5";"5";"0";"0";"0";"0";"5";"38506";"5";"2";"38504";"702";"489";"213";"0";"37802";"9360";"";"2525";"4927";"";"16599";"";"3556";"835";""
"280800";"kętrzyński";"warmińsko-mazurskie";"46070";"49524";"21922";"24149";"30";"168";"3";"3";"0";"0";"0";"0";"3";"24151";"3";"0";"24151";"443";"315";"128";"0";"23708";"4946";"";"1493";"4103";"";"9358";"142";"3666";"";""
"280900";"lidzbarski";"warmińsko-mazurskie";"29924";"32384";"13421";"16503";"22";"138";"2";"2";"0";"0";"0";"0";"2";"16504";"2";"1";"16503";"317";"235";"82";"0";"16186";"5943";"";"975";"1082";"";"6333";"";"1486";"367";""
"281000";"mrągowski";"warmińsko-mazurskie";"36450";"39560";"15605";"20845";"29";"358";"0";"0";"0";"0";"0";"0";"0";"20847";"0";"4";"20843";"350";"242";"108";"0";"20493";"6102";"";"1328";"2627";"";"7902";"122";"2412";"";""
"281100";"nidzicki";"warmińsko-mazurskie";"23546";"25603";"10967";"12578";"15";"88";"0";"0";"0";"0";"0";"0";"0";"12572";"0";"0";"12572";"217";"143";"74";"0";"12355";"2529";"";"774";"1205";"";"6393";"84";"1370";"";""
"281200";"nowomiejski";"warmińsko-mazurskie";"30966";"33754";"12784";"18180";"21";"106";"0";"0";"0";"0";"0";"0";"0";"18180";"0";"1";"18179";"411";"315";"96";"0";"17768";"2626";"";"749";"3788";"";"8721";"";"1615";"269";""
"281300";"olecki";"warmińsko-mazurskie";"24107";"26098";"11745";"12362";"14";"136";"2";"2";"0";"0";"0";"0";"2";"12363";"2";"2";"12361";"212";"142";"70";"0";"12149";"2291";"";"793";"1875";"";"5744";"86";"1360";"";""
"281400";"olsztyński";"warmińsko-mazurskie";"90368";"98863";"36971";"53398";"37";"519";"6";"6";"2";"0";"0";"0";"4";"53397";"4";"0";"53397";"905";"557";"348";"0";"52492";"14110";"";"3997";"8588";"";"18375";"373";"7049";"";""
"281500";"ostródzki";"warmińsko-mazurskie";"74485";"81005";"32774";"41711";"41";"398";"3";"3";"0";"1";"0";"0";"2";"41711";"2";"1";"41710";"838";"608";"230";"0";"40872";"12406";"";"2491";"4246";"";"15383";"";"5267";"1079";""
"281600";"piski";"warmińsko-mazurskie";"40408";"43919";"18739";"21669";"32";"291";"0";"0";"0";"0";"0";"0";"0";"21667";"0";"1";"21666";"376";"277";"99";"0";"21290";"3684";"";"1358";"3168";"";"11064";"106";"1910";"";""
"281700";"szczycieński";"warmińsko-mazurskie";"50629";"55253";"22186";"28442";"32";"386";"1";"1";"1";"0";"0";"0";"0";"28441";"0";"0";"28441";"550";"378";"172";"0";"27891";"5591";"";"1798";"4570";"";"12643";"232";"3057";"";""
"281800";"gołdapski";"warmińsko-mazurskie";"19334";"21209";"9489";"9844";"12";"174";"2";"2";"0";"0";"0";"1";"1";"9846";"1";"0";"9846";"178";"103";"75";"0";"9668";"2631";"";"493";"1220";"";"3938";"65";"1321";"";""
"281900";"węgorzewski";"warmińsko-mazurskie";"16744";"17883";"7798";"8946";"11";"132";"3";"3";"0";"0";"0";"0";"3";"8948";"3";"0";"8948";"119";"72";"47";"0";"8829";"2050";"";"502";"1636";"";"3495";"52";"1094";"";""
"286100";"Elbląg";"warmińsko-mazurskie";"84237";"90392";"29957";"54280";"55";"331";"9";"9";"2";"0";"0";"0";"7";"54273";"7";"2";"54271";"478";"273";"205";"0";"53793";"18724";"";"2940";"3372";"";"19215";"";"8395";"1147";""
"286200";"Olsztyn";"warmińsko-mazurskie";"119052";"129939";"31796";"87214";"103";"950";"12";"11";"1";"0";"0";"0";"10";"87215";"10";"3";"87212";"745";"332";"413";"0";"86467";"29141";"";"6047";"8435";"";"26897";"656";"15291";"";""
"300100";"chodzieski";"wielkopolskie";"33640";"36574";"11470";"22170";"27";"102";"0";"0";"0";"0";"0";"0";"0";"22170";"0";"0";"22170";"354";"237";"117";"0";"21816";"6620";"";"1523";"3641";"";"6807";"";"3225";"";""
"300200";"czarnkowsko-trzcianecki";"wielkopolskie";"61912";"67419";"23418";"38492";"41";"211";"1";"1";"0";"0";"0";"0";"1";"38490";"1";"2";"38488";"746";"527";"219";"0";"37742";"10494";"";"2352";"6241";"";"14297";"";"4358";"";""
"300300";"gnieźnieński";"wielkopolskie";"102778";"112158";"33899";"68871";"65";"267";"6";"5";"0";"0";"0";"0";"5";"68862";"5";"9";"68853";"1021";"722";"299";"0";"67832";"17093";"454";"4346";"5002";"";"25936";"";"15001";"";""
"300400";"gostyński";"wielkopolskie";"54586";"59303";"21676";"32909";"36";"92";"1";"1";"0";"0";"0";"0";"1";"32909";"1";"0";"32909";"645";"452";"193";"0";"32264";"6884";"";"3212";"3494";"";"14569";"";"4105";"";""
"300500";"grodziski";"wielkopolskie";"36126";"39315";"13065";"23061";"12";"85";"1";"1";"0";"0";"0";"0";"1";"23059";"1";"0";"23059";"464";"309";"155";"0";"22595";"6508";"";"1651";"2596";"";"9310";"";"2530";"";""
"300600";"jarociński";"wielkopolskie";"50963";"55510";"18517";"32446";"17";"116";"5";"5";"0";"0";"0";"0";"5";"32437";"5";"0";"32437";"531";"404";"127";"0";"31906";"5736";"";"1779";"5325";"";"15289";"";"3777";"";""
"300700";"kaliski";"wielkopolskie";"60614";"66178";"22754";"37860";"32";"133";"0";"0";"0";"0";"0";"0";"0";"37860";"0";"2";"37858";"610";"403";"207";"0";"37248";"5055";"";"2092";"5599";"";"20581";"";"3921";"";""
"300800";"kępiński";"wielkopolskie";"40495";"44135";"13591";"26904";"33";"124";"2";"2";"0";"0";"0";"0";"2";"26903";"2";"0";"26903";"415";"285";"130";"0";"26488";"8849";"";"1457";"2545";"";"11459";"";"2178";"";""
"300900";"kolski";"wielkopolskie";"63293";"68876";"24790";"38504";"26";"155";"0";"0";"0";"0";"0";"0";"0";"38497";"0";"0";"38497";"651";"434";"217";"0";"37846";"5721";"160";"2183";"3568";"";"22016";"";"4198";"";""
"301000";"koniński";"wielkopolskie";"93605";"102226";"36608";"56997";"76";"281";"2";"2";"0";"0";"0";"0";"2";"56994";"2";"2";"56992";"1016";"712";"304";"0";"55976";"7978";"286";"3025";"5609";"";"33095";"";"5983";"";""
"301100";"kościański";"wielkopolskie";"57057";"61694";"20127";"36929";"27";"150";"8";"8";"2";"0";"0";"0";"6";"36934";"6";"1";"36933";"803";"496";"307";"0";"36130";"9485";"";"2276";"5748";"";"13957";"";"4664";"";""
"301200";"krotoszyński";"wielkopolskie";"55464";"59922";"21080";"34384";"31";"120";"3";"3";"0";"0";"0";"0";"3";"34383";"3";"0";"34383";"586";"359";"227";"0";"33797";"6576";"";"2164";"6230";"";"15190";"";"3637";"";""
"301300";"leszczyński";"wielkopolskie";"39986";"43742";"14013";"25973";"12";"153";"2";"2";"0";"0";"0";"0";"2";"25972";"2";"0";"25972";"554";"364";"190";"0";"25418";"6150";"";"1872";"3287";"";"10375";"";"3734";"";""
"301400";"międzychodzki";"wielkopolskie";"26306";"28648";"9989";"16317";"21";"111";"0";"0";"0";"0";"0";"0";"0";"16315";"0";"0";"16315";"316";"230";"86";"0";"15999";"5010";"";"949";"1512";"";"5198";"";"3330";"";""
"301500";"nowotomyski";"wielkopolskie";"52601";"57680";"17214";"35387";"30";"144";"2";"2";"0";"0";"0";"0";"2";"35380";"2";"1";"35379";"599";"423";"176";"0";"34780";"13770";"";"2311";"3709";"";"11760";"";"3230";"";""
"301600";"obornicki";"wielkopolskie";"40996";"44951";"14116";"26880";"26";"101";"2";"2";"0";"0";"0";"0";"2";"26880";"2";"0";"26880";"425";"319";"106";"0";"26455";"7232";"";"1721";"5323";"";"8726";"";"3453";"";""
"301700";"ostrowski";"wielkopolskie";"116276";"126438";"38783";"77493";"58";"315";"9";"9";"0";"1";"0";"0";"8";"77490";"8";"4";"77486";"1176";"821";"355";"0";"76310";"21992";"";"5071";"7809";"";"32992";"";"8446";"";""
"301800";"ostrzeszowski";"wielkopolskie";"40248";"43596";"14927";"25321";"19";"123";"5";"5";"0";"0";"0";"0";"5";"25322";"5";"0";"25322";"413";"295";"118";"0";"24909";"4919";"";"1540";"5083";"";"11071";"";"2296";"";""
"301900";"pilski";"wielkopolskie";"95374";"103695";"32402";"62986";"80";"360";"6";"6";"0";"0";"0";"0";"6";"62977";"6";"4";"62973";"861";"573";"288";"0";"62112";"18258";"";"4139";"7728";"";"22524";"";"9463";"";""
"302000";"pleszewski";"wielkopolskie";"45465";"49158";"16956";"28510";"46";"107";"1";"1";"0";"0";"0";"0";"1";"28510";"1";"1";"28509";"536";"367";"169";"0";"27973";"5724";"";"1557";"4939";"";"13062";"";"2691";"";""
"302100";"poznański";"wielkopolskie";"269980";"294962";"57591";"212386";"140";"1411";"17";"16";"3";"0";"0";"0";"13";"212341";"13";"39";"212302";"2200";"1361";"839";"0";"210102";"92417";"";"13957";"16600";"";"56910";"";"30218";"";""
"302200";"rawicki";"wielkopolskie";"43547";"47250";"17327";"26220";"10";"112";"2";"2";"0";"0";"0";"0";"2";"26216";"2";"0";"26216";"532";"375";"157";"0";"25684";"5839";"";"1623";"3179";"";"10457";"";"4586";"";""
"302300";"słupecki";"wielkopolskie";"43190";"47149";"16725";"26465";"25";"124";"3";"3";"1";"0";"0";"0";"2";"26467";"2";"0";"26467";"445";"310";"135";"0";"26022";"4237";"152";"1544";"3563";"";"13073";"";"3453";"";""
"302400";"szamotulski";"wielkopolskie";"65285";"71547";"21562";"43722";"65";"205";"2";"2";"0";"0";"0";"0";"2";"43713";"2";"3";"43710";"817";"582";"235";"0";"42893";"15099";"";"2591";"5112";"";"14215";"";"5876";"";""
"302500";"średzki";"wielkopolskie";"40970";"44969";"13492";"27478";"13";"111";"0";"0";"0";"0";"0";"0";"0";"27471";"0";"1";"27470";"488";"348";"140";"0";"26982";"5695";"225";"3831";"3088";"";"10258";"";"3885";"";""
"302600";"śremski";"wielkopolskie";"43019";"46973";"14935";"28076";"26";"111";"0";"0";"0";"0";"0";"0";"0";"28066";"0";"1";"28065";"485";"351";"134";"0";"27580";"6595";"267";"2289";"2995";"";"10635";"";"4799";"";""
"302700";"turecki";"wielkopolskie";"60724";"66340";"22044";"38679";"40";"136";"5";"5";"0";"0";"0";"0";"5";"38682";"5";"0";"38682";"500";"362";"138";"0";"38182";"5030";"231";"2093";"5461";"";"21630";"";"3737";"";""
"302800";"wągrowiecki";"wielkopolskie";"49076";"53762";"18223";"30853";"21";"140";"0";"0";"0";"0";"0";"0";"0";"30843";"0";"2";"30841";"536";"406";"130";"0";"30305";"7494";"";"2178";"5413";"";"11109";"";"4111";"";""
"302900";"wolsztyński";"wielkopolskie";"40201";"44000";"13464";"26743";"15";"194";"1";"1";"0";"0";"0";"0";"1";"26736";"1";"0";"26736";"564";"413";"151";"0";"26172";"8345";"";"1828";"3318";"";"9766";"";"2915";"";""
"303000";"wrzesiński";"wielkopolskie";"54889";"59698";"18310";"36579";"24";"136";"4";"3";"0";"0";"0";"0";"3";"36581";"3";"8";"36573";"431";"301";"130";"0";"36142";"9847";"254";"2521";"3113";"";"14921";"";"5486";"";""
"303100";"złotowski";"wielkopolskie";"49271";"53557";"20482";"28771";"29";"172";"3";"3";"0";"0";"0";"0";"3";"28771";"3";"1";"28770";"588";"418";"170";"0";"28182";"7980";"";"1880";"3778";"";"10680";"";"3864";"";""
"306100";"Kalisz";"wielkopolskie";"71474";"77042";"21235";"50239";"41";"220";"8";"8";"0";"0";"1";"0";"7";"50228";"7";"0";"50228";"399";"219";"180";"0";"49829";"15006";"";"3221";"3506";"";"17281";"";"10815";"";""
"306200";"Konin";"wielkopolskie";"54032";"58244";"17227";"36808";"17";"183";"13";"13";"1";"0";"0";"0";"12";"36817";"12";"0";"36817";"338";"233";"105";"0";"36479";"10099";"232";"1978";"2221";"";"15401";"";"6548";"";""
"306300";"Leszno";"wielkopolskie";"44720";"48134";"13217";"31502";"26";"132";"10";"10";"0";"0";"0";"0";"10";"31505";"10";"0";"31505";"309";"165";"144";"0";"31196";"11274";"";"2313";"2015";"";"8770";"";"6824";"";""
"306400";"Poznań";"wielkopolskie";"364505";"414276";"57934";"306549";"259";"4745";"44";"44";"1";"0";"1";"0";"42";"306460";"42";"96";"306364";"1939";"972";"967";"0";"304425";"141057";"";"20067";"15275";"";"73409";"";"54617";"";""
"320100";"białogardzki";"zachodniopomorskie";"33479";"36444";"14994";"18486";"27";"90";"1";"1";"0";"0";"0";"0";"1";"18484";"1";"1";"18483";"416";"290";"126";"0";"18067";"6058";"";"913";"1707";"";"6705";"";"2684";"";""
"320200";"choszczeński";"zachodniopomorskie";"34850";"37759";"16674";"18176";"26";"109";"1";"1";"0";"0";"0";"0";"1";"18175";"1";"0";"18175";"446";"348";"98";"0";"17729";"5227";"";"988";"1837";"";"7259";"";"2418";"";""
"320300";"drawski";"zachodniopomorskie";"41490";"45123";"18687";"22803";"29";"198";"4";"4";"0";"0";"0";"0";"4";"22805";"4";"1";"22804";"446";"330";"116";"0";"22358";"6564";"";"1343";"2453";"";"8582";"";"3416";"";""
"320400";"goleniowski";"zachodniopomorskie";"58467";"64455";"23546";"34921";"26";"207";"1";"1";"0";"0";"0";"0";"1";"34916";"1";"7";"34909";"603";"403";"200";"0";"34306";"10160";"";"2208";"4304";"";"12558";"";"5076";"";""
"320500";"gryficki";"zachodniopomorskie";"43440";"47704";"18958";"24481";"44";"755";"0";"0";"0";"0";"0";"0";"0";"24480";"0";"2";"24478";"441";"317";"124";"0";"24037";"7670";"";"1321";"3243";"";"9041";"";"2762";"";""
"320600";"gryfiński";"zachodniopomorskie";"58347";"63395";"25374";"32973";"27";"154";"1";"1";"0";"0";"0";"0";"1";"32968";"1";"0";"32968";"570";"387";"183";"0";"32398";"8805";"";"2094";"2798";"";"13782";"";"4919";"";""
"320700";"kamieński";"zachodniopomorskie";"34673";"38175";"14214";"20459";"13";"1147";"2";"2";"0";"0";"0";"0";"2";"20461";"2";"6";"20455";"332";"231";"101";"0";"20123";"6684";"";"1028";"2411";"";"7280";"";"2720";"";""
"320800";"kołobrzeski";"zachodniopomorskie";"57924";"64724";"18225";"39699";"35";"4041";"2";"2";"1";"0";"0";"0";"1";"39696";"1";"6";"39690";"625";"397";"228";"0";"39065";"13169";"";"2112";"2846";"";"14197";"";"6741";"";""
"320900";"koszaliński";"zachodniopomorskie";"47680";"52264";"18904";"28776";"27";"950";"2";"2";"0";"0";"0";"0";"2";"28775";"2";"2";"28773";"619";"439";"180";"0";"28154";"7963";"";"1994";"3340";"";"10467";"";"4390";"";""
"321000";"myśliborski";"zachodniopomorskie";"46417";"50617";"20436";"25981";"46";"104";"0";"0";"0";"0";"0";"0";"0";"25979";"0";"1";"25978";"407";"290";"117";"0";"25571";"9172";"";"1719";"1955";"";"9829";"";"2896";"";""
"321100";"policki";"zachodniopomorskie";"52800";"58118";"14783";"38028";"29";"263";"1";"1";"0";"0";"0";"0";"1";"38023";"1";"0";"38023";"369";"219";"150";"0";"37654";"15680";"";"2761";"1899";"";"11259";"";"6055";"";""
"321200";"pyrzycki";"zachodniopomorskie";"28146";"30631";"12342";"15804";"26";"40";"3";"2";"0";"0";"0";"0";"2";"15804";"2";"11";"15793";"352";"260";"92";"0";"15441";"3278";"";"879";"1890";"";"7483";"";"1911";"";""
"321300";"sławieński";"zachodniopomorskie";"40140";"44228";"16463";"23677";"34";"909";"1";"1";"0";"0";"0";"0";"1";"23678";"1";"0";"23678";"505";"381";"124";"0";"23173";"6413";"";"1355";"2485";"";"9224";"";"3696";"";""
"321400";"stargardzki";"zachodniopomorskie";"84090";"91920";"31516";"52574";"64";"284";"4";"4";"0";"0";"0";"0";"4";"52571";"4";"71";"52500";"789";"546";"243";"0";"51711";"16834";"";"3645";"4411";"";"19570";"";"7251";"";""
"321500";"szczecinecki";"zachodniopomorskie";"54721";"59553";"23375";"31345";"46";"300";"5";"5";"0";"0";"0";"0";"5";"31345";"5";"1";"31344";"599";"419";"180";"0";"30745";"9998";"";"2089";"2573";"";"12757";"";"3328";"";""
"321600";"świdwiński";"zachodniopomorskie";"33998";"36898";"15423";"18574";"19";"521";"0";"0";"0";"0";"0";"0";"0";"18573";"0";"0";"18573";"371";"271";"100";"0";"18202";"4722";"";"992";"2215";"";"7569";"";"2704";"";""
"321700";"wałecki";"zachodniopomorskie";"37595";"40467";"15569";"22026";"19";"150";"2";"2";"0";"1";"0";"0";"1";"22026";"1";"0";"22026";"349";"254";"95";"0";"21677";"7516";"";"1344";"2102";"";"7773";"";"2942";"";""
"321800";"łobeski";"zachodniopomorskie";"26048";"28283";"12406";"13642";"29";"89";"2";"2";"0";"0";"0";"0";"2";"13644";"2";"0";"13644";"314";"236";"78";"0";"13330";"3734";"";"708";"1937";"";"5408";"";"1543";"";""
"326100";"Koszalin";"zachodniopomorskie";"74986";"81320";"21889";"53096";"80";"451";"9";"9";"0";"0";"0";"0";"9";"53081";"9";"2";"53079";"538";"341";"197";"0";"52541";"20169";"";"3129";"4074";"";"15545";"";"9624";"";""
"326200";"Szczecin";"zachodniopomorskie";"270490";"296850";"72792";"197677";"207";"1947";"36";"36";"5";"0";"0";"1";"30";"197596";"30";"23";"197573";"1471";"748";"723";"0";"196102";"79366";"";"13324";"9093";"";"62998";"";"31321";"";""
"326300";"Świnoujście";"zachodniopomorskie";"29697";"32269";"9693";"20004";"22";"1390";"1";"1";"0";"1";"0";"0";"1";"20002";"1";"6";"19996";"140";"61";"79";"0";"19856";"6639";"";"1057";"866";"";"5992";"";"5302";"";""
